date,회사명,직무,URL,지원방식
2024-06-10,(주)더원테크,빅데이터 와 인공지능 AI 인턴 개발자 모십니다.,https://www.saramin.co.kr/zf_user/jobs/relay/view?view_type=search&rec_idx=48342041&location=ts&searchword=AI&searchType=search&paid_fl=n&search_uuid=94133c5a-f639-493e-bd1f-4324cd4f6fa4,입사지원
2024-06-10,(주)이노메트리,[2차전지 AI검사 솔루션] 24년 상반기 신입 및 경력 모집,https://www.saramin.co.kr/zf_user/jobs/relay/view?view_type=search&rec_idx=48145315&location=ts&searchword=AI&searchType=search&paid_fl=n&search_uuid=94133c5a-f639-493e-bd1f-4324cd4f6fa4,입사지원
2024-06-10,에스케이매직(주),AI Data Scientist 인턴 모집,https://www.saramin.co.kr/zf_user/jobs/relay/view?view_type=search&rec_idx=48345256&location=ts&searchword=AI&searchType=search&paid_fl=n&search_uuid=94133c5a-f639-493e-bd1f-4324cd4f6fa4,홈페이지지원
2024-06-10,(주)더존비즈온,AI & MLOps플랫폼  웹 프론트엔드 개발 채용공고,https://www.saramin.co.kr/zf_user/jobs/relay/view?view_type=search&rec_idx=48288647&location=ts&searchword=AI&searchType=search&paid_fl=n&search_uuid=94133c5a-f639-493e-bd1f-4324cd4f6fa4,입사지원
2024-06-10,(주)인텔리빅스,[AI Data팀] 이미지 데이터 라벨러 채용,https://www.saramin.co.kr/zf_user/jobs/relay/view?view_type=search&rec_idx=48346168&location=ts&searchword=AI&searchType=search&paid_fl=n&search_uuid=94133c5a-f639-493e-bd1f-4324cd4f6fa4,입사지원
2024-06-10,(주)마음에이아이,(주)마음AI 풀스택 (백엔드 / 프론트엔드) 개발자 채용,https://www.saramin.co.kr/zf_user/jobs/relay/view?view_type=search&rec_idx=48342851&location=ts&searchword=AI&searchType=search&paid_fl=n&search_uuid=94133c5a-f639-493e-bd1f-4324cd4f6fa4,입사지원
2024-06-10,(주)진모빌리티,[아이.엠 택시] 데이터분석가 빅데이터 AI 머신러닝 개발 모집,https://www.saramin.co.kr/zf_user/jobs/relay/view?view_type=search&rec_idx=48184524&location=ts&searchword=AI&searchType=search&paid_fl=n&search_uuid=94133c5a-f639-493e-bd1f-4324cd4f6fa4,입사지원
2024-06-10,(주)널리소프트,[AI 세금신고 1위 SSEM] 프론트엔드 채용 (신입),https://www.saramin.co.kr/zf_user/jobs/relay/view?view_type=search&rec_idx=48278931&location=ts&searchword=AI&searchType=search&paid_fl=n&search_uuid=94133c5a-f639-493e-bd1f-4324cd4f6fa4,입사지원
2024-06-10,(주)신테카바이오,[코스닥상장사] AI슈퍼컴센터 총무직원 채용 (신입가능),https://www.saramin.co.kr/zf_user/jobs/relay/view?view_type=search&rec_idx=48254886&location=ts&searchword=AI&searchType=search&paid_fl=n&search_uuid=94133c5a-f639-493e-bd1f-4324cd4f6fa4,입사지원
2024-06-10,제이제이워크,AI관련 전자회사 신입 대모집/상여금/기숙사무료/통근운행,https://www.saramin.co.kr/zf_user/jobs/relay/view?view_type=search&rec_idx=44743994&location=ts&searchword=AI&searchType=search&paid_fl=n&search_uuid=94133c5a-f639-493e-bd1f-4324cd4f6fa4,입사지원
2024-06-10,쿠팡(주),[쿠팡] 지원 서비스 프로그램 관리자 (AI/ML 프로그램 관리),https://www.saramin.co.kr/zf_user/jobs/relay/view?view_type=search&rec_idx=48189405&location=ts&searchword=AI&searchType=search&paid_fl=n&search_uuid=94133c5a-f639-493e-bd1f-4324cd4f6fa4,홈페이지지원
2024-06-10,(주)하나텍시스템,[하나텍시스템] 기업부설연구소(R&D팀 개발팀 AI팀) 채용,https://www.saramin.co.kr/zf_user/jobs/relay/view?view_type=search&rec_idx=48284264&location=ts&searchword=AI&searchType=search&paid_fl=n&search_uuid=94133c5a-f639-493e-bd1f-4324cd4f6fa4,입사지원
2024-06-10,충북대학교병원,충북대학교병원 인공지능센터 AI연구원 채용공고,https://www.saramin.co.kr/zf_user/jobs/relay/view?view_type=search&rec_idx=48357170&location=ts&searchword=AI&searchType=search&paid_fl=n&search_uuid=94133c5a-f639-493e-bd1f-4324cd4f6fa4,입사지원
2024-06-10,(주)SBS,2024년 SBS 신입사원 공개채용(AI기술개발),https://www.saramin.co.kr/zf_user/jobs/relay/view?view_type=search&rec_idx=48311924&location=ts&searchword=AI&searchType=search&paid_fl=n&search_uuid=94133c5a-f639-493e-bd1f-4324cd4f6fa4,홈페이지지원
2024-06-10,㈜모니터랩,[코스닥 상장] 모니터랩 AI 개발자 채용,https://www.saramin.co.kr/zf_user/jobs/relay/view?view_type=search&rec_idx=48300816&location=ts&searchword=AI&searchType=search&paid_fl=n&search_uuid=94133c5a-f639-493e-bd1f-4324cd4f6fa4,입사지원
2024-06-10,(주)샤페론,혁신신약연구센터 AI신약설계팀 팀원,https://www.saramin.co.kr/zf_user/jobs/relay/view?view_type=search&rec_idx=48278765&location=ts&searchword=AI&searchType=search&paid_fl=n&search_uuid=94133c5a-f639-493e-bd1f-4324cd4f6fa4,입사지원
2024-06-10,(주)하이비젼시스템,차세대연구소 로봇설계/제어기/광학/AI 개발자 채용,https://www.saramin.co.kr/zf_user/jobs/relay/view?view_type=search&rec_idx=48181848&location=ts&searchword=AI&searchType=search&paid_fl=n&search_uuid=94133c5a-f639-493e-bd1f-4324cd4f6fa4,입사지원
2024-06-10,(주)서플러스글로벌,AI 프로젝트 기획 및 개발자,https://www.saramin.co.kr/zf_user/jobs/relay/view?view_type=search&rec_idx=48330044&location=ts&searchword=AI&searchType=search&paid_fl=n&search_uuid=94133c5a-f639-493e-bd1f-4324cd4f6fa4,입사지원
2024-06-10,(주)트윔,[면접비 지급] AI기반 머신비전 연구개발자(전문연구요원 가능),https://www.saramin.co.kr/zf_user/jobs/relay/view?view_type=search&rec_idx=48313336&location=ts&searchword=AI&searchType=search&paid_fl=n&search_uuid=94133c5a-f639-493e-bd1f-4324cd4f6fa4,입사지원
2024-06-10,(주)아이와즈,[AI] Python JAVA 머신러닝 개발자 모집,https://www.saramin.co.kr/zf_user/jobs/relay/view?view_type=search&rec_idx=48095047&location=ts&searchword=AI&searchType=search&paid_fl=n&search_uuid=94133c5a-f639-493e-bd1f-4324cd4f6fa4,입사지원
2024-06-10,(주)스마트마켓서비스,AI 개발 신입/경력 모집,https://www.saramin.co.kr/zf_user/jobs/relay/view?view_type=search&rec_idx=48264665&location=ts&searchword=AI&searchType=search&paid_fl=n&search_uuid=94133c5a-f639-493e-bd1f-4324cd4f6fa4,입사지원
2024-06-10,에스아이오티(주),AI 데이터 라벨링 계약직 채용,https://www.saramin.co.kr/zf_user/jobs/relay/view?view_type=search&rec_idx=48334169&location=ts&searchword=AI&searchType=search&paid_fl=n&search_uuid=94133c5a-f639-493e-bd1f-4324cd4f6fa4,입사지원
2024-06-10,(주)컴트루테크놀로지,[AI인공지능/정보보안] 기술지원 엔지니어 (세종 서울),https://www.saramin.co.kr/zf_user/jobs/relay/view?view_type=search&rec_idx=48237661&location=ts&searchword=AI&searchType=search&paid_fl=n&search_uuid=94133c5a-f639-493e-bd1f-4324cd4f6fa4,입사지원
2024-06-10,(주)아이티공간,개발/웹/앱/인공지능/데이터분석/AI ICT PLC HMI SCADA 작화,https://www.saramin.co.kr/zf_user/jobs/relay/view?view_type=search&rec_idx=48353765&location=ts&searchword=AI&searchType=search&paid_fl=n&search_uuid=94133c5a-f639-493e-bd1f-4324cd4f6fa4,입사지원
2024-06-10,(주)포스로직,AI 인공지능 딥러닝 이미지 프로세싱 알고리즘 개발 신입 채용,https://www.saramin.co.kr/zf_user/jobs/relay/view?view_type=search&rec_idx=48214520&location=ts&searchword=AI&searchType=search&paid_fl=n&search_uuid=94133c5a-f639-493e-bd1f-4324cd4f6fa4,입사지원
2024-06-10,그래디언트 바이오컨버전스,인공지능팀 AI 연구원 모집,https://www.saramin.co.kr/zf_user/jobs/relay/view?view_type=search&rec_idx=48343967&location=ts&searchword=AI&searchType=search&paid_fl=n&search_uuid=94133c5a-f639-493e-bd1f-4324cd4f6fa4,입사지원
2024-06-10,(주)브이다임,AI 아바타 서비스 LLM / sLLM AI 서비스 개발자 모집,https://www.saramin.co.kr/zf_user/jobs/relay/view?view_type=search&rec_idx=48356329&location=ts&searchword=AI&searchType=search&paid_fl=n&search_uuid=94133c5a-f639-493e-bd1f-4324cd4f6fa4,입사지원
2024-06-10,에이아이티스토리(주),AITStory 생성형 AI / 합성데이터 / 웹 개발자 채용 (경력무관),https://www.saramin.co.kr/zf_user/jobs/relay/view?view_type=search&rec_idx=48248152&location=ts&searchword=AI&searchType=search&paid_fl=n&search_uuid=94133c5a-f639-493e-bd1f-4324cd4f6fa4,입사지원
2024-06-10,(주)엠에이치엔씨티,AI 연구원,https://www.saramin.co.kr/zf_user/jobs/relay/view?view_type=search&rec_idx=48258408&location=ts&searchword=AI&searchType=search&paid_fl=n&search_uuid=94133c5a-f639-493e-bd1f-4324cd4f6fa4,입사지원
2024-06-10,(주)에스티이노베이션,[부산] 빅데이터 AI 책임급 경력직 채용 공고,https://www.saramin.co.kr/zf_user/jobs/relay/view?view_type=search&rec_idx=48328794&location=ts&searchword=AI&searchType=search&paid_fl=n&search_uuid=94133c5a-f639-493e-bd1f-4324cd4f6fa4,입사지원
2024-06-10,(주)뉴로다임,AI(딥러닝) 연구 및 개발,https://www.saramin.co.kr/zf_user/jobs/relay/view?view_type=search&rec_idx=48305026&location=ts&searchword=AI&searchType=search&paid_fl=n&search_uuid=94133c5a-f639-493e-bd1f-4324cd4f6fa4,입사지원
2024-06-10,씨드로닉스(주),[재택/프리랜서] AI 이미지 세그멘테이션 작업자 모집,https://www.saramin.co.kr/zf_user/jobs/relay/view?view_type=search&rec_idx=48326400&location=ts&searchword=AI&searchType=search&paid_fl=n&search_uuid=94133c5a-f639-493e-bd1f-4324cd4f6fa4,홈페이지지원
2024-06-10,아이디비(주),AI 개발자 모집,https://www.saramin.co.kr/zf_user/jobs/relay/view?view_type=search&rec_idx=48276650&location=ts&searchword=AI&searchType=search&paid_fl=n&search_uuid=94133c5a-f639-493e-bd1f-4324cd4f6fa4,입사지원
2024-06-10,(주)제이엘케이,[제이엘케이] Market Access Specialist (의료AI 수가 담당자),https://www.saramin.co.kr/zf_user/jobs/relay/view?view_type=search&rec_idx=48312811&location=ts&searchword=AI&searchType=search&paid_fl=n&search_uuid=94133c5a-f639-493e-bd1f-4324cd4f6fa4,입사지원
2024-06-10,(주)에스엠씨인터내셔널,[디저트39] IT개발팀(AI개발자/서비스기획) 채용,https://www.saramin.co.kr/zf_user/jobs/relay/view?view_type=search&rec_idx=48284199&location=ts&searchword=AI&searchType=search&paid_fl=n&search_uuid=94133c5a-f639-493e-bd1f-4324cd4f6fa4,입사지원
2024-06-10,(주)셀키,AI Data Scientist,https://www.saramin.co.kr/zf_user/jobs/relay/view?view_type=search&rec_idx=47774328&location=ts&searchword=AI&searchType=search&paid_fl=n&search_uuid=94133c5a-f639-493e-bd1f-4324cd4f6fa4,입사지원
2024-06-10,(주)미니레코드,[미니레코드] AI 엔지니어(NLP/LLM),https://www.saramin.co.kr/zf_user/jobs/relay/view?view_type=search&rec_idx=48351988&location=ts&searchword=AI&searchType=search&paid_fl=n&search_uuid=94133c5a-f639-493e-bd1f-4324cd4f6fa4,입사지원
2024-06-10,(주)파인디지털,[AI 기술 개발] 부문 신입/경력 채용 (전문연구요원 채용 가능),https://www.saramin.co.kr/zf_user/jobs/relay/view?view_type=search&rec_idx=48348448&location=ts&searchword=AI&searchType=search&paid_fl=n&search_uuid=94133c5a-f639-493e-bd1f-4324cd4f6fa4,입사지원
2024-06-10,(주)씨디알아이,[CDRI] AI 데이터 사이언티스트 채용,https://www.saramin.co.kr/zf_user/jobs/relay/view?view_type=search&rec_idx=48171765&location=ts&searchword=AI&searchType=search&paid_fl=n&search_uuid=94133c5a-f639-493e-bd1f-4324cd4f6fa4,입사지원
2024-06-10,(주)무하유,[계약직] AI학습데이터 라벨링 작업자,https://www.saramin.co.kr/zf_user/jobs/relay/view?view_type=search&rec_idx=48322234&location=ts&searchword=AI&searchType=search&paid_fl=n&search_uuid=94133c5a-f639-493e-bd1f-4324cd4f6fa4,입사지원
2024-06-10,(주)연합시스템,빅데이터 분석 AI (머신러닝딥러닝) 가능한 팀원을 충원합니다,https://www.saramin.co.kr/zf_user/jobs/relay/view?view_type=search&rec_idx=48343508&location=ts&searchword=AI&searchType=search&paid_fl=n&search_uuid=94133c5a-f639-493e-bd1f-4324cd4f6fa4,입사지원
2024-06-10,(주)덴컴,[AI 전문기업 덴컴] 인프라 및 보안 담당자 채용,https://www.saramin.co.kr/zf_user/jobs/relay/view?view_type=search&rec_idx=48232631&location=ts&searchword=AI&searchType=search&paid_fl=n&search_uuid=94133c5a-f639-493e-bd1f-4324cd4f6fa4,입사지원
2024-06-10,(주)삼육오엠씨네트웍스,[부산서면] 365mc 의료 Data AI 사이언티스트 채용 (신입가능),https://www.saramin.co.kr/zf_user/jobs/relay/view?view_type=search&rec_idx=48082976&location=ts&searchword=AI&searchType=search&paid_fl=n&search_uuid=94133c5a-f639-493e-bd1f-4324cd4f6fa4,입사지원
2024-06-10,(주)브이다임,AI 아바타 서비스 Backend & Network 개발자 모집,https://www.saramin.co.kr/zf_user/jobs/relay/view?view_type=search&rec_idx=48355794&location=ts&searchword=AI&searchType=search&paid_fl=n&search_uuid=94133c5a-f639-493e-bd1f-4324cd4f6fa4,입사지원
2024-06-10,(주)아로아랩스,AI 물류 스타트업 백엔드 개발자,https://www.saramin.co.kr/zf_user/jobs/relay/view?view_type=search&rec_idx=48098919&location=ts&searchword=AI&searchType=search&paid_fl=n&search_uuid=94133c5a-f639-493e-bd1f-4324cd4f6fa4,입사지원
2024-06-10,IPEA(정보처리기사협회),전산실 AI(인공지능) 서버 운영 관리,https://www.saramin.co.kr/zf_user/jobs/relay/view?view_type=search&rec_idx=48002145&location=ts&searchword=AI&searchType=search&paid_fl=n&search_uuid=94133c5a-f639-493e-bd1f-4324cd4f6fa4,입사지원
2024-06-10,주식회사 이빗,[EBIT] AI Trainer - Python 개발자 채용 (재택근무 / 파트타임),https://www.saramin.co.kr/zf_user/jobs/relay/view?view_type=search&rec_idx=48123584&location=ts&searchword=AI&searchType=search&paid_fl=n&search_uuid=94133c5a-f639-493e-bd1f-4324cd4f6fa4,입사지원
2024-06-10,(주)왓섭,[AI/핀테크] 데이터 라벨링 (데이터 업무보조) 계약직 채용,https://www.saramin.co.kr/zf_user/jobs/relay/view?view_type=search&rec_idx=48025935&location=ts&searchword=AI&searchType=search&paid_fl=n&search_uuid=94133c5a-f639-493e-bd1f-4324cd4f6fa4,입사지원
2024-06-10,(주)널리소프트,네이티브 앱 개발자(안드로이드/iOS) 채용 [AI 세금신고 1위 SSEM],https://www.saramin.co.kr/zf_user/jobs/relay/view?view_type=search&rec_idx=48273925&location=ts&searchword=AI&searchType=search&paid_fl=n&search_uuid=94133c5a-f639-493e-bd1f-4324cd4f6fa4,입사지원
2024-06-10,(주)메타파머스,[AI 농업 로봇 스타트업] 로봇 하드웨어 설계 신입/경력 채용,https://www.saramin.co.kr/zf_user/jobs/relay/view?view_type=search&rec_idx=48280292&location=ts&searchword=AI&searchType=search&paid_fl=n&search_uuid=94133c5a-f639-493e-bd1f-4324cd4f6fa4,입사지원
2024-06-10,(주)더존비즈온,AI & MLOps 플랫폼 관련 웹 서비스 기획,https://www.saramin.co.kr/zf_user/jobs/relay/view?view_type=search&rec_idx=48250768&location=ts&searchword=AI&searchType=search&paid_fl=n&search_uuid=94133c5a-f639-493e-bd1f-4324cd4f6fa4,입사지원
2024-06-10,(주)에이오팜,AI 농산물 검사시스템 개발 기계제작 조립 팀원 채용,https://www.saramin.co.kr/zf_user/jobs/relay/view?view_type=search&rec_idx=48345918&location=ts&searchword=AI&searchType=search&paid_fl=n&search_uuid=94133c5a-f639-493e-bd1f-4324cd4f6fa4,입사지원
2024-06-10,(주)아이넥스코퍼레이션,[의료AI] 인사/총무 매니저,https://www.saramin.co.kr/zf_user/jobs/relay/view?view_type=search&rec_idx=48109646&location=ts&searchword=AI&searchType=search&paid_fl=n&search_uuid=94133c5a-f639-493e-bd1f-4324cd4f6fa4,입사지원
2024-06-10,동대문여성인력개발센터,[여가부 국비무료] 챗 GPT(AI) 활용 마케팅 실무 훈련생 모집,https://www.saramin.co.kr/zf_user/jobs/relay/view?view_type=search&rec_idx=48145018&location=ts&searchword=AI&searchType=search&paid_fl=n&search_uuid=94133c5a-f639-493e-bd1f-4324cd4f6fa4,입사지원
2024-06-10,스피커블,영어 블로그 콘텐츠 AI활용 크리에이터 100퍼센트 재택근무,https://www.saramin.co.kr/zf_user/jobs/relay/view?view_type=search&rec_idx=48204066&location=ts&searchword=AI&searchType=search&paid_fl=n&search_uuid=94133c5a-f639-493e-bd1f-4324cd4f6fa4,입사지원
2024-06-10,(주)널리소프트,재무 담당자 채용 [AI 세금신고 1위 SSEM],https://www.saramin.co.kr/zf_user/jobs/relay/view?view_type=search&rec_idx=48312236&location=ts&searchword=AI&searchType=search&paid_fl=n&search_uuid=94133c5a-f639-493e-bd1f-4324cd4f6fa4,입사지원
2024-06-10,(주)바로에이아이,[BARO AI] 경영기획본부 정규직 채용,https://www.saramin.co.kr/zf_user/jobs/relay/view?view_type=search&rec_idx=48250433&location=ts&searchword=AI&searchType=search&paid_fl=n&search_uuid=94133c5a-f639-493e-bd1f-4324cd4f6fa4,입사지원
2024-06-10,(주)이음,[채들] AI 학습을 위한 사진 데이터 분류 아르바이트 모집,https://www.saramin.co.kr/zf_user/jobs/relay/view?view_type=search&rec_idx=48348558&location=ts&searchword=AI&searchType=search&paid_fl=n&search_uuid=94133c5a-f639-493e-bd1f-4324cd4f6fa4,입사지원
2024-06-10,(주)그라비티,[그라비티] AI Engineer 채용,https://www.saramin.co.kr/zf_user/jobs/relay/view?view_type=search&rec_idx=48070302&location=ts&searchword=AI&searchType=search&paid_fl=n&search_uuid=94133c5a-f639-493e-bd1f-4324cd4f6fa4,입사지원
2024-06-10,(주)티쓰리엔터테인먼트,[코스닥 상장사] AI 연구개발 신입/경력직 채용,https://www.saramin.co.kr/zf_user/jobs/relay/view?view_type=search&rec_idx=48327090&location=ts&searchword=AI&searchType=search&paid_fl=n&search_uuid=94133c5a-f639-493e-bd1f-4324cd4f6fa4,입사지원
2024-06-10,모비어스(주),[AMR] AI 인식 SW 개발자 채용,https://www.saramin.co.kr/zf_user/jobs/relay/view?view_type=search&rec_idx=48262825&location=ts&searchword=AI&searchType=search&paid_fl=n&search_uuid=94133c5a-f639-493e-bd1f-4324cd4f6fa4,홈페이지지원
2024-06-10,(주)유투바이오,(주)유투바이오 IT연구실 AI연구팀 RA QA 모집 (계약직),https://www.saramin.co.kr/zf_user/jobs/relay/view?view_type=search&rec_idx=48347023&location=ts&searchword=AI&searchType=search&paid_fl=n&search_uuid=94133c5a-f639-493e-bd1f-4324cd4f6fa4,입사지원
2024-06-10,(주)디랙스,AI알고리즘 개발,https://www.saramin.co.kr/zf_user/jobs/relay/view?view_type=search&rec_idx=48289355&location=ts&searchword=AI&searchType=search&paid_fl=n&search_uuid=94133c5a-f639-493e-bd1f-4324cd4f6fa4,입사지원
2024-06-10,롯데이노베이트(주),[AI기술팀] Vision AI (Senior) 경력사원 채용,https://www.saramin.co.kr/zf_user/jobs/relay/view?view_type=search&rec_idx=48326897&location=ts&searchword=AI&searchType=search&paid_fl=n&search_uuid=94133c5a-f639-493e-bd1f-4324cd4f6fa4,입사지원
2024-06-10,롯데이노베이트(주),[AI기술팀] TTS AI 경력사원 채용,https://www.saramin.co.kr/zf_user/jobs/relay/view?view_type=search&rec_idx=48327981&location=ts&searchword=AI&searchType=search&paid_fl=n&search_uuid=94133c5a-f639-493e-bd1f-4324cd4f6fa4,입사지원
2024-06-10,(주)인텔리빅스,[AI Solution개발팀] AI연구소 영상보안 응용SW개발 인력모집,https://www.saramin.co.kr/zf_user/jobs/relay/view?view_type=search&rec_idx=47946562&location=ts&searchword=AI&searchType=search&paid_fl=n&search_uuid=94133c5a-f639-493e-bd1f-4324cd4f6fa4,입사지원
2024-06-10,(주)인텔리빅스,[AI솔루션그룹] AI 영상분석 전문 기술직 채용,https://www.saramin.co.kr/zf_user/jobs/relay/view?view_type=search&rec_idx=48034897&location=ts&searchword=AI&searchType=search&paid_fl=n&search_uuid=94133c5a-f639-493e-bd1f-4324cd4f6fa4,입사지원
2024-06-10,(주)커넥트웨이브,[커넥트웨이브] AI TF AI Engineer 모집,https://www.saramin.co.kr/zf_user/jobs/relay/view?view_type=search&rec_idx=48253887&location=ts&searchword=AI&searchType=search&paid_fl=n&search_uuid=94133c5a-f639-493e-bd1f-4324cd4f6fa4,입사지원
2024-06-10,(주)샌즈랩,2024 (주)샌즈랩 신기술개발부(AI개발자) 채용모집,https://www.saramin.co.kr/zf_user/jobs/relay/view?view_type=search&rec_idx=48250990&location=ts&searchword=AI&searchType=search&paid_fl=n&search_uuid=94133c5a-f639-493e-bd1f-4324cd4f6fa4,입사지원
2024-06-10,(주)맨파워그룹코리아,[판교] Haier (하이얼) 코리아 AI Engineer 인턴 [6M],https://www.saramin.co.kr/zf_user/jobs/relay/view?view_type=search&rec_idx=48258519&location=ts&searchword=AI&searchType=search&paid_fl=n&search_uuid=94133c5a-f639-493e-bd1f-4324cd4f6fa4,입사지원
2024-06-10,한화비전(주),AI 연구원,https://www.saramin.co.kr/zf_user/jobs/relay/view?view_type=search&rec_idx=48328681&location=ts&searchword=AI&searchType=search&paid_fl=n&search_uuid=94133c5a-f639-493e-bd1f-4324cd4f6fa4,입사지원
2024-06-10,(주)코그넥스코리아,AI 연구원 (신입/경력/전문연구요원),https://www.saramin.co.kr/zf_user/jobs/relay/view?view_type=search&rec_idx=48178047&location=ts&searchword=AI&searchType=search&paid_fl=n&search_uuid=94133c5a-f639-493e-bd1f-4324cd4f6fa4,입사지원
2024-06-10,비앤에프테크놀로지㈜,[시차출퇴근제] 인공지능(AI) 개발 모집,https://www.saramin.co.kr/zf_user/jobs/relay/view?view_type=search&rec_idx=48297459&location=ts&searchword=AI&searchType=search&paid_fl=n&search_uuid=94133c5a-f639-493e-bd1f-4324cd4f6fa4,입사지원
2024-06-10,(주)아이엠티,인공지능(AI/ML) 개발 엔지니어 모집,https://www.saramin.co.kr/zf_user/jobs/relay/view?view_type=search&rec_idx=48097462&location=ts&searchword=AI&searchType=search&paid_fl=n&search_uuid=94133c5a-f639-493e-bd1f-4324cd4f6fa4,입사지원
2024-06-10,(주)비솔,영상분야 AI 개발 모집,https://www.saramin.co.kr/zf_user/jobs/relay/view?view_type=search&rec_idx=48236496&location=ts&searchword=AI&searchType=search&paid_fl=n&search_uuid=94133c5a-f639-493e-bd1f-4324cd4f6fa4,입사지원
2024-06-10,(주)딥노이드,[코스닥 상장사] AI 연구원,https://www.saramin.co.kr/zf_user/jobs/relay/view?view_type=search&rec_idx=48209605&location=ts&searchword=AI&searchType=search&paid_fl=n&search_uuid=94133c5a-f639-493e-bd1f-4324cd4f6fa4,입사지원
2024-06-10,현대엠시스템즈(주),자율주행/센서퓨전/임베디드/AI분야 S/W 개발자 채용,https://www.saramin.co.kr/zf_user/jobs/relay/view?view_type=search&rec_idx=48248367&location=ts&searchword=AI&searchType=search&paid_fl=n&search_uuid=94133c5a-f639-493e-bd1f-4324cd4f6fa4,입사지원
2024-06-10,(주)딥노이드,AI 연구원 (LLM개발),https://www.saramin.co.kr/zf_user/jobs/relay/view?view_type=search&rec_idx=48237521&location=ts&searchword=AI&searchType=search&paid_fl=n&search_uuid=94133c5a-f639-493e-bd1f-4324cd4f6fa4,입사지원
2024-06-10,라온피플(주),AI 비전 딥러닝 개발자 모집,https://www.saramin.co.kr/zf_user/jobs/relay/view?view_type=search&rec_idx=48300920&location=ts&searchword=AI&searchType=search&paid_fl=n&search_uuid=94133c5a-f639-493e-bd1f-4324cd4f6fa4,입사지원
2024-06-10,(주)우경정보기술,AI서비스파트 개발자 경력직(선임급) 모집,https://www.saramin.co.kr/zf_user/jobs/relay/view?view_type=search&rec_idx=48354691&location=ts&searchword=AI&searchType=search&paid_fl=n&search_uuid=94133c5a-f639-493e-bd1f-4324cd4f6fa4,입사지원
2024-06-10,(주)슈프리마,AI영상 보안 솔루션 사업기획 경력직 채용공고,https://www.saramin.co.kr/zf_user/jobs/relay/view?view_type=search&rec_idx=48196188&location=ts&searchword=AI&searchType=search&paid_fl=n&search_uuid=94133c5a-f639-493e-bd1f-4324cd4f6fa4,입사지원
2024-06-10,(주)에이치비테크놀러지,AI 비전 딥러닝 개발자 (연구소) (신입/경력),https://www.saramin.co.kr/zf_user/jobs/relay/view?view_type=search&rec_idx=48185887&location=ts&searchword=AI&searchType=search&paid_fl=n&search_uuid=94133c5a-f639-493e-bd1f-4324cd4f6fa4,입사지원
2024-06-10,(주)씨메스,AI 로보틱스 기반 조합 최적화 및 알고리즘 개발,https://www.saramin.co.kr/zf_user/jobs/relay/view?view_type=search&rec_idx=48274886&location=ts&searchword=AI&searchType=search&paid_fl=n&search_uuid=94133c5a-f639-493e-bd1f-4324cd4f6fa4,홈페이지지원
2024-06-10,마타에듀(주),[마타에듀] AI 엔지니어 채용 공고,https://www.saramin.co.kr/zf_user/jobs/relay/view?view_type=search&rec_idx=48266034&location=ts&searchword=AI&searchType=search&paid_fl=n&search_uuid=94133c5a-f639-493e-bd1f-4324cd4f6fa4,입사지원
2024-06-10,(주)쏘카,AI Lead,https://www.saramin.co.kr/zf_user/jobs/relay/view?view_type=search&rec_idx=48106439&location=ts&searchword=AI&searchType=search&paid_fl=n&search_uuid=94133c5a-f639-493e-bd1f-4324cd4f6fa4,입사지원
2024-06-10,(주)크래프트테크놀로지스,NLP/LLM Researcher(AI Tech Lab) 인턴 채용,https://www.saramin.co.kr/zf_user/jobs/relay/view?view_type=search&rec_idx=48025266&location=ts&searchword=AI&searchType=search&paid_fl=n&search_uuid=94133c5a-f639-493e-bd1f-4324cd4f6fa4,입사지원
2024-06-10,(주)크래프트테크놀로지스,Backend Engineer(AI Product) 인턴 채용,https://www.saramin.co.kr/zf_user/jobs/relay/view?view_type=search&rec_idx=48025345&location=ts&searchword=AI&searchType=search&paid_fl=n&search_uuid=94133c5a-f639-493e-bd1f-4324cd4f6fa4,입사지원
2024-06-10,(주)휴라,전파 AI 기술 개발,https://www.saramin.co.kr/zf_user/jobs/relay/view?view_type=search&rec_idx=48272414&location=ts&searchword=AI&searchType=search&paid_fl=n&search_uuid=94133c5a-f639-493e-bd1f-4324cd4f6fa4,입사지원
2024-06-10,(주)크래프트테크놀로지스,AI Researcher(AI Trading Solution) 인턴 채용,https://www.saramin.co.kr/zf_user/jobs/relay/view?view_type=search&rec_idx=48305611&location=ts&searchword=AI&searchType=search&paid_fl=n&search_uuid=94133c5a-f639-493e-bd1f-4324cd4f6fa4,입사지원
2024-06-10,(주)연합시스템,빅데이터 분석 AI (머신러닝딥러닝),https://www.saramin.co.kr/zf_user/jobs/relay/view?view_type=search&rec_idx=48310726&location=ts&searchword=AI&searchType=search&paid_fl=n&search_uuid=94133c5a-f639-493e-bd1f-4324cd4f6fa4,입사지원
2024-06-10,(주)브레인벤쳐스,Multimodal AI 연구개발,https://www.saramin.co.kr/zf_user/jobs/relay/view?view_type=search&rec_idx=48328472&location=ts&searchword=AI&searchType=search&paid_fl=n&search_uuid=94133c5a-f639-493e-bd1f-4324cd4f6fa4,홈페이지지원
2024-06-10,(주)덴컴,[AI 전문기업 덴컴] AI Researcher 채용,https://www.saramin.co.kr/zf_user/jobs/relay/view?view_type=search&rec_idx=48231698&location=ts&searchword=AI&searchType=search&paid_fl=n&search_uuid=94133c5a-f639-493e-bd1f-4324cd4f6fa4,입사지원
2024-06-10,(주)덴컴,[AI 전문기업 덴컴] CTO 채용,https://www.saramin.co.kr/zf_user/jobs/relay/view?view_type=search&rec_idx=48231782&location=ts&searchword=AI&searchType=search&paid_fl=n&search_uuid=94133c5a-f639-493e-bd1f-4324cd4f6fa4,입사지원
2024-06-10,(주)덴컴,[AI 전문기업 덴컴] 프론트엔드 개발자 채용,https://www.saramin.co.kr/zf_user/jobs/relay/view?view_type=search&rec_idx=48231412&location=ts&searchword=AI&searchType=search&paid_fl=n&search_uuid=94133c5a-f639-493e-bd1f-4324cd4f6fa4,입사지원
2024-06-10,(주)펀진,신입 AI모델 개발 인턴 사원 공모,https://www.saramin.co.kr/zf_user/jobs/relay/view?view_type=search&rec_idx=48307793&location=ts&searchword=AI&searchType=search&paid_fl=n&search_uuid=94133c5a-f639-493e-bd1f-4324cd4f6fa4,입사지원
2024-06-10,(주)펀진,시계열 데이터 AI 모델 개발자 경력직 채용,https://www.saramin.co.kr/zf_user/jobs/relay/view?view_type=search&rec_idx=48324442&location=ts&searchword=AI&searchType=search&paid_fl=n&search_uuid=94133c5a-f639-493e-bd1f-4324cd4f6fa4,입사지원
2024-06-10,지스펙(주),(전액무료)빅데이터 융합 자바&파이썬 인공지능(AI) 풀스택 개발자 양성과정,https://www.saramin.co.kr/zf_user/jobs/relay/view?view_type=search&rec_idx=48083445&location=ts&searchword=AI&searchType=search&paid_fl=n&search_uuid=94133c5a-f639-493e-bd1f-4324cd4f6fa4,입사지원
2024-06-10,스마트인재개발원(사),[82%취업] 빅데이터AI 무료취업과정 모집!,https://www.saramin.co.kr/zf_user/jobs/relay/view?view_type=search&rec_idx=47886223&location=ts&searchword=AI&searchType=search&paid_fl=n&search_uuid=94133c5a-f639-493e-bd1f-4324cd4f6fa4,홈페이지지원
2024-06-10,아이헤이트플라잉버그스(주),머신러닝 엔지니어 / AI Researcher,https://www.saramin.co.kr/zf_user/jobs/relay/view?view_type=search&rec_idx=46733926&location=ts&searchword=AI&searchType=search&paid_fl=n&search_uuid=94133c5a-f639-493e-bd1f-4324cd4f6fa4,홈페이지지원
2024-06-10,㈜휴맥스,휴맥스아이티 AI 개발자 채용 신입/경력 채용,https://www.saramin.co.kr/zf_user/jobs/relay/view?view_type=search&rec_idx=48304645&location=ts&searchword=AI&searchType=search&paid_fl=n&search_uuid=94133c5a-f639-493e-bd1f-4324cd4f6fa4,입사지원
2024-06-10,(주)딥엑스,[㈜딥엑스][AI반도체] Software Engineer 상시모집 (8개 포지션),https://www.saramin.co.kr/zf_user/jobs/relay/view?view_type=search&rec_idx=48343456&location=ts&searchword=AI&searchType=search&paid_fl=n&search_uuid=c20115ed-7b5a-475e-8953-5f6f7a060c29,홈페이지지원
2024-06-10,(주)딥엑스,[㈜딥엑스][AI반도체] 엔지니어 전문연구요원 상시모집,https://www.saramin.co.kr/zf_user/jobs/relay/view?view_type=search&rec_idx=48348039&location=ts&searchword=AI&searchType=search&paid_fl=n&search_uuid=c20115ed-7b5a-475e-8953-5f6f7a060c29,홈페이지지원
2024-06-10,텔레픽스(주),[DS사업부] AI엔지니어,https://www.saramin.co.kr/zf_user/jobs/relay/view?view_type=search&rec_idx=48355365&location=ts&searchword=AI&searchType=search&paid_fl=n&search_uuid=c20115ed-7b5a-475e-8953-5f6f7a060c29,홈페이지지원
2024-06-10,(주)에이트테크,AI 데이터 매니저 정규직원 채용,https://www.saramin.co.kr/zf_user/jobs/relay/view?view_type=search&rec_idx=48242240&location=ts&searchword=AI&searchType=search&paid_fl=n&search_uuid=c20115ed-7b5a-475e-8953-5f6f7a060c29,입사지원
2024-06-10,(주)스탠다임,인공지능 연구자(AI Engineer) 전문연구요원 채용 (석사_병역특례),https://www.saramin.co.kr/zf_user/jobs/relay/view?view_type=search&rec_idx=48303038&location=ts&searchword=AI&searchType=search&paid_fl=n&search_uuid=c20115ed-7b5a-475e-8953-5f6f7a060c29,입사지원
2024-06-10,(주)스탠다임,인공지능 연구자(AI Engineer) 전문연구요원 채용 (석사_병역특례),https://www.saramin.co.kr/zf_user/jobs/relay/view?view_type=search&rec_idx=48303034&location=ts&searchword=AI&searchType=search&paid_fl=n&search_uuid=c20115ed-7b5a-475e-8953-5f6f7a060c29,입사지원
2024-06-10,(주)펄어비스,[펄어비스] [신입/경력] AI 엔지니어 모집,https://www.saramin.co.kr/zf_user/jobs/relay/view?view_type=search&rec_idx=48346994&location=ts&searchword=AI&searchType=search&paid_fl=n&search_uuid=c20115ed-7b5a-475e-8953-5f6f7a060c29,홈페이지지원
2024-06-10,(주)아로아랩스,AI/ML 연구원 채용,https://www.saramin.co.kr/zf_user/jobs/relay/view?view_type=search&rec_idx=47997171&location=ts&searchword=AI&searchType=search&paid_fl=n&search_uuid=c20115ed-7b5a-475e-8953-5f6f7a060c29,입사지원
2024-06-10,(주)에스디테크,AI 데이터 분석 및 IT인력 경영기획 사무직 모집,https://www.saramin.co.kr/zf_user/jobs/relay/view?view_type=search&rec_idx=48216443&location=ts&searchword=AI&searchType=search&paid_fl=n&search_uuid=c20115ed-7b5a-475e-8953-5f6f7a060c29,입사지원
2024-06-10,(주)유저커넥트,LLM 기반 AI 서비스 개발 채용,https://www.saramin.co.kr/zf_user/jobs/relay/view?view_type=search&rec_idx=48289018&location=ts&searchword=AI&searchType=search&paid_fl=n&search_uuid=c20115ed-7b5a-475e-8953-5f6f7a060c29,입사지원
2024-06-10,(주)스마트뱅크,IT 기획 및 사업관리 정규직 채용(AI 경력자 우대),https://www.saramin.co.kr/zf_user/jobs/relay/view?view_type=search&rec_idx=48340292&location=ts&searchword=AI&searchType=search&paid_fl=n&search_uuid=c20115ed-7b5a-475e-8953-5f6f7a060c29,입사지원
2024-06-10,(주)보스반도체,AI SW 개발 엔지니어,https://www.saramin.co.kr/zf_user/jobs/relay/view?view_type=search&rec_idx=48363226&location=ts&searchword=AI&searchType=search&paid_fl=n&search_uuid=c20115ed-7b5a-475e-8953-5f6f7a060c29,입사지원
2024-06-10,(주)평행공간,Python AI개발자 구인,https://www.saramin.co.kr/zf_user/jobs/relay/view?view_type=search&rec_idx=48176413&location=ts&searchword=AI&searchType=search&paid_fl=n&search_uuid=c20115ed-7b5a-475e-8953-5f6f7a060c29,입사지원
2024-06-10,(주)오토노머스에이투지,[정규직] AI/Deep learning Engineer(AI기술개발팀) 채용,https://www.saramin.co.kr/zf_user/jobs/relay/view?view_type=search&rec_idx=48237430&location=ts&searchword=AI&searchType=search&paid_fl=n&search_uuid=c20115ed-7b5a-475e-8953-5f6f7a060c29,입사지원
2024-06-10,(주)플러긴소프트,AI 솔루션 개발자 (연구원),https://www.saramin.co.kr/zf_user/jobs/relay/view?view_type=search&rec_idx=48121787&location=ts&searchword=AI&searchType=search&paid_fl=n&search_uuid=c20115ed-7b5a-475e-8953-5f6f7a060c29,입사지원
2024-06-10,(주)한국비즈텍,ERP개발자 AI 및 내부통제시스템 전문가 다수,https://www.saramin.co.kr/zf_user/jobs/relay/view?view_type=search&rec_idx=48143357&location=ts&searchword=AI&searchType=search&paid_fl=n&search_uuid=c20115ed-7b5a-475e-8953-5f6f7a060c29,입사지원
2024-06-10,씨드로닉스(주),AI 이미지 세그멘테이션 검수/교육 담당자 채용,https://www.saramin.co.kr/zf_user/jobs/relay/view?view_type=search&rec_idx=48248264&location=ts&searchword=AI&searchType=search&paid_fl=n&search_uuid=c20115ed-7b5a-475e-8953-5f6f7a060c29,입사지원
2024-06-10,한국기술교육직업전문학교,[전액국비+취업연계] AI(챗GPT)빅데이터/AWS클라우드보안,https://www.saramin.co.kr/zf_user/jobs/relay/view?view_type=search&rec_idx=45987137&location=ts&searchword=AI&searchType=search&paid_fl=n&search_uuid=c20115ed-7b5a-475e-8953-5f6f7a060c29,입사지원
2024-06-10,(주)비전스페이스,PLC HMI EAI API AI IOT/ICT 개발자 채용,https://www.saramin.co.kr/zf_user/jobs/relay/view?view_type=search&rec_idx=48130922&location=ts&searchword=AI&searchType=search&paid_fl=n&search_uuid=c20115ed-7b5a-475e-8953-5f6f7a060c29,입사지원
2024-06-10,주식회사올에이아이,AI 콘텐츠 기획자 신입/경력,https://www.saramin.co.kr/zf_user/jobs/relay/view?view_type=search&rec_idx=48230284&location=ts&searchword=AI&searchType=search&paid_fl=n&search_uuid=c20115ed-7b5a-475e-8953-5f6f7a060c29,입사지원
2024-06-10,(주)디엔소프트,[AI 교육 콘텐츠] LLM Researcher & Engineer 채용,https://www.saramin.co.kr/zf_user/jobs/relay/view?view_type=search&rec_idx=48282060&location=ts&searchword=AI&searchType=search&paid_fl=n&search_uuid=c20115ed-7b5a-475e-8953-5f6f7a060c29,입사지원
2024-06-10,티에스엔랩(주),AI 개발자 채용,https://www.saramin.co.kr/zf_user/jobs/relay/view?view_type=search&rec_idx=48196380&location=ts&searchword=AI&searchType=search&paid_fl=n&search_uuid=c20115ed-7b5a-475e-8953-5f6f7a060c29,입사지원
2024-06-10,티에스엔랩(주),AI 개발자 채용,https://www.saramin.co.kr/zf_user/jobs/relay/view?view_type=search&rec_idx=48196425&location=ts&searchword=AI&searchType=search&paid_fl=n&search_uuid=c20115ed-7b5a-475e-8953-5f6f7a060c29,입사지원
2024-06-10,(주)투썬캠퍼스,[전액무료]생성형AI개발자 취업 부트캠프 수강생 모집,https://www.saramin.co.kr/zf_user/jobs/relay/view?view_type=search&rec_idx=48335021&location=ts&searchword=AI&searchType=search&paid_fl=n&search_uuid=c20115ed-7b5a-475e-8953-5f6f7a060c29,입사지원
2024-06-10,(주)다츠,[데이터엔지니어] 수자원 전공 및 시계열 AI 개발자,https://www.saramin.co.kr/zf_user/jobs/relay/view?view_type=search&rec_idx=48102301&location=ts&searchword=AI&searchType=search&paid_fl=n&search_uuid=c20115ed-7b5a-475e-8953-5f6f7a060c29,입사지원
2024-06-10,(주)에이아이세스,AI개발자 IT개발자 서비스기획자 회계/경리 모집,https://www.saramin.co.kr/zf_user/jobs/relay/view?view_type=search&rec_idx=48265522&location=ts&searchword=AI&searchType=search&paid_fl=n&search_uuid=c20115ed-7b5a-475e-8953-5f6f7a060c29,입사지원
2024-06-10,(주)쇼퍼하우스,[신입/경력] AI Engineer 팀원 채용,https://www.saramin.co.kr/zf_user/jobs/relay/view?view_type=search&rec_idx=48268460&location=ts&searchword=AI&searchType=search&paid_fl=n&search_uuid=c20115ed-7b5a-475e-8953-5f6f7a060c29,입사지원
2024-06-10,(주)바이오리서치에이아이,[주 1회 재택근무/고정요일지정] NLP/AI Engineer,https://www.saramin.co.kr/zf_user/jobs/relay/view?view_type=search&rec_idx=48237553&location=ts&searchword=AI&searchType=search&paid_fl=n&search_uuid=c20115ed-7b5a-475e-8953-5f6f7a060c29,입사지원
2024-06-10,주식회사 스타랩스,(주)스타랩스 AI Engineer채용,https://www.saramin.co.kr/zf_user/jobs/relay/view?view_type=search&rec_idx=48303762&location=ts&searchword=AI&searchType=search&paid_fl=n&search_uuid=c20115ed-7b5a-475e-8953-5f6f7a060c29,입사지원
2024-06-10,주식회사툰코이,AI 웹툰 프로젝트 - 프롬프트 엔지니어,https://www.saramin.co.kr/zf_user/jobs/relay/view?view_type=search&rec_idx=48309938&location=ts&searchword=AI&searchType=search&paid_fl=n&search_uuid=c20115ed-7b5a-475e-8953-5f6f7a060c29,입사지원
2024-06-10,체인트리(주),[울산] AI 교육 콘텐츠 기획 및 개발자,https://www.saramin.co.kr/zf_user/jobs/relay/view?view_type=search&rec_idx=48347949&location=ts&searchword=AI&searchType=search&paid_fl=n&search_uuid=c20115ed-7b5a-475e-8953-5f6f7a060c29,입사지원
2024-06-10,(주)핸디비전,머신비전  개발자  C/C++/C# OpenCV MIL PYTHON 딥러닝 AI,https://www.saramin.co.kr/zf_user/jobs/relay/view?view_type=search&rec_idx=48221622&location=ts&searchword=AI&searchType=search&paid_fl=n&search_uuid=c20115ed-7b5a-475e-8953-5f6f7a060c29,입사지원
2024-06-10,(주)에너자이,AI 최적화 Researcher 채용,https://www.saramin.co.kr/zf_user/jobs/relay/view?view_type=search&rec_idx=48267834&location=ts&searchword=AI&searchType=search&paid_fl=n&search_uuid=c20115ed-7b5a-475e-8953-5f6f7a060c29,입사지원
2024-06-10,(주)엔티엘헬스케어,AI 프로그램 개발,https://www.saramin.co.kr/zf_user/jobs/relay/view?view_type=search&rec_idx=48348996&location=ts&searchword=AI&searchType=search&paid_fl=n&search_uuid=c20115ed-7b5a-475e-8953-5f6f7a060c29,입사지원
2024-06-10,(주)미니레코드,AI Model Training 개발자 채용,https://www.saramin.co.kr/zf_user/jobs/relay/view?view_type=search&rec_idx=48351962&location=ts&searchword=AI&searchType=search&paid_fl=n&search_uuid=c20115ed-7b5a-475e-8953-5f6f7a060c29,입사지원
2024-06-10,엔셀 주식회사,AI 개발자 (경력),https://www.saramin.co.kr/zf_user/jobs/relay/view?view_type=search&rec_idx=48311245&location=ts&searchword=AI&searchType=search&paid_fl=n&search_uuid=c20115ed-7b5a-475e-8953-5f6f7a060c29,입사지원
2024-06-10,메가존클라우드(주),Microsoft Technology(SAAIData) 채용,https://www.saramin.co.kr/zf_user/jobs/relay/view?view_type=search&rec_idx=48272667&location=ts&searchword=AI&searchType=search&paid_fl=n&search_uuid=c20115ed-7b5a-475e-8953-5f6f7a060c29,홈페이지지원
2024-06-10,(주)마크비전코리아,[Global AI Startup] Product Management Intern,https://www.saramin.co.kr/zf_user/jobs/relay/view?view_type=search&rec_idx=47982946&location=ts&searchword=AI&searchType=search&paid_fl=n&search_uuid=c20115ed-7b5a-475e-8953-5f6f7a060c29,홈페이지지원
2024-06-10,해비치호텔앤드리조트(주),[해비치호텔앤드리조트] 카카오AI연수원 시설팀 기계 담당 모집,https://www.saramin.co.kr/zf_user/jobs/relay/view?view_type=search&rec_idx=48261728&location=ts&searchword=AI&searchType=search&paid_fl=n&search_uuid=c20115ed-7b5a-475e-8953-5f6f7a060c29,입사지원
2024-06-10,한국과학기술원,KAIST  김재철AI대학원 위촉사무원(연구행정) 모집공고,https://www.saramin.co.kr/zf_user/jobs/relay/view?view_type=search&rec_idx=48349348&location=ts&searchword=AI&searchType=search&paid_fl=n&search_uuid=c20115ed-7b5a-475e-8953-5f6f7a060c29,홈페이지지원
2024-06-10,(주)네패스,AI/ML을 활용하는 반도체 시스템 MES개발자,https://www.saramin.co.kr/zf_user/jobs/relay/view?view_type=search&rec_idx=48168411&location=ts&searchword=AI&searchType=search&paid_fl=n&search_uuid=c20115ed-7b5a-475e-8953-5f6f7a060c29,홈페이지지원
2024-06-10,충북대학교병원,충북대학교병원 국책과제 AI연구원 채용공고(박사),https://www.saramin.co.kr/zf_user/jobs/relay/view?view_type=search&rec_idx=48305011&location=ts&searchword=AI&searchType=search&paid_fl=n&search_uuid=c20115ed-7b5a-475e-8953-5f6f7a060c29,입사지원
2024-06-10,(주)라피치,[AI음성기술전문기업] 웹개발 담당 정규직 채용(경력),https://www.saramin.co.kr/zf_user/jobs/relay/view?view_type=search&rec_idx=48213614&location=ts&searchword=AI&searchType=search&paid_fl=n&search_uuid=c20115ed-7b5a-475e-8953-5f6f7a060c29,입사지원
2024-06-10,(주)크래프톤,[AI] AI Game Engineer (3년 이상),https://www.saramin.co.kr/zf_user/jobs/relay/view?view_type=search&rec_idx=48336713&location=ts&searchword=AI&searchType=search&paid_fl=n&search_uuid=c20115ed-7b5a-475e-8953-5f6f7a060c29,입사지원
2024-06-10,(주)크래프톤,[AI] Deep Learning Service Dev - Backend Engineer (3년 이상),https://www.saramin.co.kr/zf_user/jobs/relay/view?view_type=search&rec_idx=48336672&location=ts&searchword=AI&searchType=search&paid_fl=n&search_uuid=c20115ed-7b5a-475e-8953-5f6f7a060c29,입사지원
2024-06-10,(주)토페스,AI 개발자 신규채용의 건,https://www.saramin.co.kr/zf_user/jobs/relay/view?view_type=search&rec_idx=48341727&location=ts&searchword=AI&searchType=search&paid_fl=n&search_uuid=c20115ed-7b5a-475e-8953-5f6f7a060c29,입사지원
2024-06-10,(주)커넥트웨이브,[커넥트웨이브] AI TF Backend Engineer 모집,https://www.saramin.co.kr/zf_user/jobs/relay/view?view_type=search&rec_idx=48257121&location=ts&searchword=AI&searchType=search&paid_fl=n&search_uuid=c20115ed-7b5a-475e-8953-5f6f7a060c29,입사지원
2024-06-10,(주)로보티즈,[실내자율주행로봇] - AI/ML Engineer 모집,https://www.saramin.co.kr/zf_user/jobs/relay/view?view_type=search&rec_idx=48335388&location=ts&searchword=AI&searchType=search&paid_fl=n&search_uuid=c20115ed-7b5a-475e-8953-5f6f7a060c29,입사지원
2024-06-10,(주)엑셈,[코스닥상장사] AI 데이터 엔지니어 채용(2~8년),https://www.saramin.co.kr/zf_user/jobs/relay/view?view_type=search&rec_idx=48103579&location=ts&searchword=AI&searchType=search&paid_fl=n&search_uuid=c20115ed-7b5a-475e-8953-5f6f7a060c29,입사지원
2024-06-10,(주)케이에스씨앤씨,[신입/경력] AI기반 업무자동화(RPA) 개발자 채용 (UiPath 우대),https://www.saramin.co.kr/zf_user/jobs/relay/view?view_type=search&rec_idx=48201336&location=ts&searchword=AI&searchType=search&paid_fl=n&search_uuid=c20115ed-7b5a-475e-8953-5f6f7a060c29,입사지원
2024-06-10,(주)포커스에이치엔에스,[코스닥] AI 영상관제 플랫폼 웹개발자 (백엔드/프론트엔드),https://www.saramin.co.kr/zf_user/jobs/relay/view?view_type=search&rec_idx=48027440&location=ts&searchword=AI&searchType=search&paid_fl=n&search_uuid=c20115ed-7b5a-475e-8953-5f6f7a060c29,입사지원
2024-06-10,(주)네스앤텍,AI / ROS 개발자  채용,https://www.saramin.co.kr/zf_user/jobs/relay/view?view_type=search&rec_idx=48050383&location=ts&searchword=AI&searchType=search&paid_fl=n&search_uuid=c20115ed-7b5a-475e-8953-5f6f7a060c29,입사지원
2024-06-10,(주)렉스코드,++렉스코드 AI 개발자(NLP) 채용++,https://www.saramin.co.kr/zf_user/jobs/relay/view?view_type=search&rec_idx=48197578&location=ts&searchword=AI&searchType=search&paid_fl=n&search_uuid=c20115ed-7b5a-475e-8953-5f6f7a060c29,입사지원
2024-06-10,(주)플렉싱크,AI사업본부(데이터 분석/AI모델링) 채용,https://www.saramin.co.kr/zf_user/jobs/relay/view?view_type=search&rec_idx=48161627&location=ts&searchword=AI&searchType=search&paid_fl=n&search_uuid=c20115ed-7b5a-475e-8953-5f6f7a060c29,입사지원
2024-06-10,(주)플렉싱크,AI사업본부(사업 기획/관리) 채용,https://www.saramin.co.kr/zf_user/jobs/relay/view?view_type=search&rec_idx=48161735&location=ts&searchword=AI&searchType=search&paid_fl=n&search_uuid=c20115ed-7b5a-475e-8953-5f6f7a060c29,입사지원
2024-06-10,주식회사 몹티콘,[신입/경력] 스마트 교통 시스템 AI 데이터 관리 및 연구 보조원,https://www.saramin.co.kr/zf_user/jobs/relay/view?view_type=search&rec_idx=48097248&location=ts&searchword=AI&searchType=search&paid_fl=n&search_uuid=c20115ed-7b5a-475e-8953-5f6f7a060c29,입사지원
2024-06-10,(주)인텔로이드,Voice AI 전문기업 (주)인텔로이드 backend/web 개발자 채용,https://www.saramin.co.kr/zf_user/jobs/relay/view?view_type=search&rec_idx=48153028&location=ts&searchword=AI&searchType=search&paid_fl=n&search_uuid=c20115ed-7b5a-475e-8953-5f6f7a060c29,입사지원
2024-06-10,(주)아이티공간,데이터엔지니어 데이터분석가 및 AI개발자 모집,https://www.saramin.co.kr/zf_user/jobs/relay/view?view_type=search&rec_idx=48110363&location=ts&searchword=AI&searchType=search&paid_fl=n&search_uuid=c20115ed-7b5a-475e-8953-5f6f7a060c29,입사지원
2024-06-10,(주)마음에이아이,(주)마음AI ML Engineer 채용(산업기능/전문연구요원 병역특례),https://www.saramin.co.kr/zf_user/jobs/relay/view?view_type=search&rec_idx=48359317&location=ts&searchword=AI&searchType=search&paid_fl=n&search_uuid=c20115ed-7b5a-475e-8953-5f6f7a060c29,홈페이지지원
2024-06-10,(주)마음에이아이,(주)마음AI 인프라 담당자 채용,https://www.saramin.co.kr/zf_user/jobs/relay/view?view_type=search&rec_idx=48359322&location=ts&searchword=AI&searchType=search&paid_fl=n&search_uuid=c20115ed-7b5a-475e-8953-5f6f7a060c29,입사지원
2024-06-10,(주)루닛,Junior Backend Engineer · AI Platform,https://www.saramin.co.kr/zf_user/jobs/relay/view?view_type=search&rec_idx=48263061&location=ts&searchword=AI&searchType=search&paid_fl=n&search_uuid=c20115ed-7b5a-475e-8953-5f6f7a060c29,홈페이지지원
2024-06-10,(주)트위그팜,[트위그팜] AI번역 최전선에서 함께하실 영어 매니저 모집,https://www.saramin.co.kr/zf_user/jobs/relay/view?view_type=search&rec_idx=48282632&location=ts&searchword=AI&searchType=search&paid_fl=n&search_uuid=c20115ed-7b5a-475e-8953-5f6f7a060c29,입사지원
2024-06-10,(주)오픈메이트,[오픈메이트] SI사업/ AI빅데이터 PM 인재 모집(정규직),https://www.saramin.co.kr/zf_user/jobs/relay/view?view_type=search&rec_idx=48320041&location=ts&searchword=AI&searchType=search&paid_fl=n&search_uuid=c20115ed-7b5a-475e-8953-5f6f7a060c29,입사지원
2024-06-10,(주)딥엑스,[㈜딥엑스][AI반도체] Hardware Engineer 상시모집 (5개 포지션),https://www.saramin.co.kr/zf_user/jobs/relay/view?view_type=search&rec_idx=48343378&location=ts&searchword=AI&searchType=search&paid_fl=n&search_uuid=c20115ed-7b5a-475e-8953-5f6f7a060c29,홈페이지지원
2024-06-10,(주)인터엑스,서울] 풀스택 (Full-stack) 개발자 (Gen.AI 애플리케이션 개발),https://www.saramin.co.kr/zf_user/jobs/relay/view?view_type=search&rec_idx=48330375&location=ts&searchword=AI&searchType=search&paid_fl=n&search_uuid=c20115ed-7b5a-475e-8953-5f6f7a060c29,입사지원
2024-06-10,(주)딥브레인에이아이,[딥브레인AI] 딥러닝 연구원 / 엔지니어 모집 (전문연구요원),https://www.saramin.co.kr/zf_user/jobs/relay/view?view_type=search&rec_idx=48188956&location=ts&searchword=AI&searchType=search&paid_fl=n&search_uuid=c20115ed-7b5a-475e-8953-5f6f7a060c29,입사지원
2024-06-10,(주)딥브레인에이아이,[딥브레인AI]  Back-End 개발자 채용 (산업기능요원),https://www.saramin.co.kr/zf_user/jobs/relay/view?view_type=search&rec_idx=48188958&location=ts&searchword=AI&searchType=search&paid_fl=n&search_uuid=c20115ed-7b5a-475e-8953-5f6f7a060c29,입사지원
2024-06-10,(주)아로아랩스,AI 물류 스타트업 프론트엔드 개발자,https://www.saramin.co.kr/zf_user/jobs/relay/view?view_type=search&rec_idx=48097384&location=ts&searchword=AI&searchType=search&paid_fl=n&search_uuid=c20115ed-7b5a-475e-8953-5f6f7a060c29,입사지원
2024-06-10,(주)딥브레인에이아이,[딥브레인AI] Front-End 개발자 채용 (산업기능요원),https://www.saramin.co.kr/zf_user/jobs/relay/view?view_type=search&rec_idx=48188961&location=ts&searchword=AI&searchType=search&paid_fl=n&search_uuid=c20115ed-7b5a-475e-8953-5f6f7a060c29,입사지원
2024-06-10,데이터플로,인공지능 AI 모형 개발 최적화 & 데이터 분석,https://www.saramin.co.kr/zf_user/jobs/relay/view?view_type=search&rec_idx=48189769&location=ts&searchword=AI&searchType=search&paid_fl=n&search_uuid=c20115ed-7b5a-475e-8953-5f6f7a060c29,입사지원
2024-06-10,(주)널리소프트,[AI 세금신고 1위 SSEM] 세무사 채용,https://www.saramin.co.kr/zf_user/jobs/relay/view?view_type=search&rec_idx=48279452&location=ts&searchword=AI&searchType=search&paid_fl=n&search_uuid=c20115ed-7b5a-475e-8953-5f6f7a060c29,입사지원
2024-06-10,(주)널리소프트,[AI 세금신고 1위 SSEM] 네이티브 앱 개발자 (안드로이드 iOS),https://www.saramin.co.kr/zf_user/jobs/relay/view?view_type=search&rec_idx=48268722&location=ts&searchword=AI&searchType=search&paid_fl=n&search_uuid=c20115ed-7b5a-475e-8953-5f6f7a060c29,입사지원
2024-06-10,(주)엘로이랩,[서울/AI 초분광] 생산본부 장비설계 기구설계 (신입/경력),https://www.saramin.co.kr/zf_user/jobs/relay/view?view_type=search&rec_idx=48189999&location=ts&searchword=AI&searchType=search&paid_fl=n&search_uuid=c20115ed-7b5a-475e-8953-5f6f7a060c29,입사지원
2024-06-10,(주)유어라운드,글로벌 AI Saas 스타트업 프론트엔드 웹 개발자 채용,https://www.saramin.co.kr/zf_user/jobs/relay/view?view_type=search&rec_idx=48357606&location=ts&searchword=AI&searchType=search&paid_fl=n&search_uuid=c20115ed-7b5a-475e-8953-5f6f7a060c29,입사지원
2024-06-10,(주)에이프리카,[AI/클라우드]  UI / UX 디자이너 경력 채용,https://www.saramin.co.kr/zf_user/jobs/relay/view?view_type=search&rec_idx=48328344&location=ts&searchword=AI&searchType=search&paid_fl=n&search_uuid=c20115ed-7b5a-475e-8953-5f6f7a060c29,입사지원
2024-06-10,(주)에이아이엠,신입- 응용 소프트웨어 개발 - 머신비젼 AI 딥러닝,https://www.saramin.co.kr/zf_user/jobs/relay/view?view_type=search&rec_idx=48068597&location=ts&searchword=AI&searchType=search&paid_fl=n&search_uuid=c20115ed-7b5a-475e-8953-5f6f7a060c29,입사지원
2024-06-10,이인텔리전스(주),[ADAS/ADS] Vision AI팀  Data Management 신입/경력 채용,https://www.saramin.co.kr/zf_user/jobs/relay/view?view_type=search&rec_idx=48295038&location=ts&searchword=AI&searchType=search&paid_fl=n&search_uuid=c20115ed-7b5a-475e-8953-5f6f7a060c29,입사지원
2024-06-10,(주)에스유스카우트,[AI/ML] ML Engineer(강화학습),https://www.saramin.co.kr/zf_user/jobs/relay/view?view_type=search&rec_idx=48362123&location=ts&searchword=AI&searchType=search&paid_fl=n&search_uuid=c20115ed-7b5a-475e-8953-5f6f7a060c29,입사지원
2024-06-10,SK(주)C&C,SK실트론 Smart Factory MES 시스템 및 Big Data AI 개발/운영,https://www.saramin.co.kr/zf_user/jobs/relay/view?view_type=search&rec_idx=48276185&location=ts&searchword=AI&searchType=search&paid_fl=n&search_uuid=c20115ed-7b5a-475e-8953-5f6f7a060c29,홈페이지지원
2024-06-10,(주)소프트웨어융합연구소,AI 데이터 분석 신입 경력 직원 채용,https://www.saramin.co.kr/zf_user/jobs/relay/view?view_type=search&rec_idx=48292120&location=ts&searchword=AI&searchType=search&paid_fl=n&search_uuid=c20115ed-7b5a-475e-8953-5f6f7a060c29,입사지원
2024-06-10,(주)텍스트웨이,AI 개발 & 연구,https://www.saramin.co.kr/zf_user/jobs/relay/view?view_type=search&rec_idx=48302676&location=ts&searchword=AI&searchType=search&paid_fl=n&search_uuid=c20115ed-7b5a-475e-8953-5f6f7a060c29,홈페이지지원
2024-06-10,에이치알에스코리아,[KT전주본부/AI시스템] TV인터넷 요금제 변경 전산입력 및 상담,https://www.saramin.co.kr/zf_user/jobs/relay/view?view_type=search&rec_idx=48329817&location=ts&searchword=AI&searchType=search&paid_fl=n&search_uuid=c20115ed-7b5a-475e-8953-5f6f7a060c29,입사지원
2024-06-10,(주)미스릴,AI 연구소 - 인공지능 개발 인원 모집,https://www.saramin.co.kr/zf_user/jobs/relay/view?view_type=search&rec_idx=47995503&location=ts&searchword=AI&searchType=search&paid_fl=n&search_uuid=c20115ed-7b5a-475e-8953-5f6f7a060c29,입사지원
2024-06-10,(주)웨이센,AI 내시경 검사 데이터 검수 담당자 (간호사/간호사 출신) 채용,https://www.saramin.co.kr/zf_user/jobs/relay/view?view_type=search&rec_idx=48325216&location=ts&searchword=AI&searchType=search&paid_fl=n&search_uuid=c20115ed-7b5a-475e-8953-5f6f7a060c29,입사지원
2024-06-10,(주)미니레코드,AI Serving 개발자 채용,https://www.saramin.co.kr/zf_user/jobs/relay/view?view_type=search&rec_idx=48351954&location=ts&searchword=AI&searchType=search&paid_fl=n&search_uuid=c20115ed-7b5a-475e-8953-5f6f7a060c29,입사지원
2024-06-10,(주)메이크봇,AI챗봇 선두기업 연구원(R&D 사업 기획개발/석사 이상),https://www.saramin.co.kr/zf_user/jobs/relay/view?view_type=search&rec_idx=48354342&location=ts&searchword=AI&searchType=search&paid_fl=n&search_uuid=c20115ed-7b5a-475e-8953-5f6f7a060c29,입사지원
2024-06-10,한양대학교산학협력단,영상/의료/음향 데이터 AI 분석 연구원 모집,https://www.saramin.co.kr/zf_user/jobs/relay/view?view_type=search&rec_idx=48210167&location=ts&searchword=AI&searchType=search&paid_fl=n&search_uuid=c20115ed-7b5a-475e-8953-5f6f7a060c29,입사지원
2024-06-10,(주)크레스콤,AI 의료 SW 인허가/품질관리 경력사원 채용,https://www.saramin.co.kr/zf_user/jobs/relay/view?view_type=search&rec_idx=48242471&location=ts&searchword=AI&searchType=search&paid_fl=n&search_uuid=c20115ed-7b5a-475e-8953-5f6f7a060c29,입사지원
2024-06-10,(주)마크비전코리아,[Global AI Startup] Business Development Intern,https://www.saramin.co.kr/zf_user/jobs/relay/view?view_type=search&rec_idx=48168781&location=ts&searchword=AI&searchType=search&paid_fl=n&search_uuid=c20115ed-7b5a-475e-8953-5f6f7a060c29,홈페이지지원
2024-06-10,엠앤앤에이치,공간 영상 AI 소프트웨어 개발자 (주4일 근무 - 격주),https://www.saramin.co.kr/zf_user/jobs/relay/view?view_type=search&rec_idx=48325017&location=ts&searchword=AI&searchType=search&paid_fl=n&search_uuid=c20115ed-7b5a-475e-8953-5f6f7a060c29,입사지원
2024-06-10,(주)에이아이클라우드,AI신약개발 플랫폼 홍보 및 기술사업화 채용(신입/경력),https://www.saramin.co.kr/zf_user/jobs/relay/view?view_type=search&rec_idx=48329121&location=ts&searchword=AI&searchType=search&paid_fl=n&search_uuid=c20115ed-7b5a-475e-8953-5f6f7a060c29,입사지원
2024-06-10,(주)엔씨소프트,[단기계약직] AI번역을 위한 데이터 분석/구축 언어학자 모집(프랑스어 독일어 스페인어 포르투갈어),https://www.saramin.co.kr/zf_user/jobs/relay/view?view_type=search&rec_idx=48170127&location=ts&searchword=AI&searchType=search&paid_fl=n&search_uuid=c20115ed-7b5a-475e-8953-5f6f7a060c29,홈페이지지원
2024-06-10,(주)셀바스에이아이,[셀바스AI] PO 서비스 기획 - 경력,https://www.saramin.co.kr/zf_user/jobs/relay/view?view_type=search&rec_idx=48154638&location=ts&searchword=AI&searchType=search&paid_fl=n&search_uuid=c20115ed-7b5a-475e-8953-5f6f7a060c29,입사지원
2024-06-10,(주)메디칼스탠다드,디지털헬스케어 의료기기 의료용 AI 영업 (부산지사),https://www.saramin.co.kr/zf_user/jobs/relay/view?view_type=search&rec_idx=48250902&location=ts&searchword=AI&searchType=search&paid_fl=n&search_uuid=c20115ed-7b5a-475e-8953-5f6f7a060c29,입사지원
2024-06-10,(주)메디칼스탠다드,디지털헬스케어 의료기기 의료용 AI 영업 (대구지사),https://www.saramin.co.kr/zf_user/jobs/relay/view?view_type=search&rec_idx=48250897&location=ts&searchword=AI&searchType=search&paid_fl=n&search_uuid=c20115ed-7b5a-475e-8953-5f6f7a060c29,입사지원
2024-06-10,(주)디앤씨컴퍼니,[신입/경력] AI도 한수접는 디자이너 디앤씨의 ㅁㅁ씨를 찾아요,https://www.saramin.co.kr/zf_user/jobs/relay/view?view_type=search&rec_idx=48186612&location=ts&searchword=AI&searchType=search&paid_fl=n&search_uuid=c20115ed-7b5a-475e-8953-5f6f7a060c29,입사지원
2024-06-10,(주)덴컴,[AI 전문기업 덴컴] 서비스 기획 팀장 채용,https://www.saramin.co.kr/zf_user/jobs/relay/view?view_type=search&rec_idx=48232310&location=ts&searchword=AI&searchType=search&paid_fl=n&search_uuid=c20115ed-7b5a-475e-8953-5f6f7a060c29,입사지원
2024-06-10,(주)덴컴,[AI 전문기업 덴컴] 서비스 기획 담당자 채용,https://www.saramin.co.kr/zf_user/jobs/relay/view?view_type=search&rec_idx=48232279&location=ts&searchword=AI&searchType=search&paid_fl=n&search_uuid=c20115ed-7b5a-475e-8953-5f6f7a060c29,입사지원
2024-06-10,(주)에이아이스페라,AI Spera [홍보실] 해외마케팅(일어) 신입/경력 채용 공고,https://www.saramin.co.kr/zf_user/jobs/relay/view?view_type=search&rec_idx=48358386&location=ts&searchword=AI&searchType=search&paid_fl=n&search_uuid=c20115ed-7b5a-475e-8953-5f6f7a060c29,입사지원
2024-06-10,(주)크레스콤,AI 의료솔루션 의료기기 영업 경력사원 채용,https://www.saramin.co.kr/zf_user/jobs/relay/view?view_type=search&rec_idx=48253516&location=ts&searchword=AI&searchType=search&paid_fl=n&search_uuid=c20115ed-7b5a-475e-8953-5f6f7a060c29,입사지원
2024-06-10,(주)휴런,국내사업팀 채용(병원 의료영상 AI솔루션 사업개발 기술영업),https://www.saramin.co.kr/zf_user/jobs/relay/view?view_type=search&rec_idx=48309328&location=ts&searchword=AI&searchType=search&paid_fl=n&search_uuid=5f4acfe6-a634-4d51-a120-a517d4bc89c9,입사지원
2024-06-10,(주)마크비전코리아,[Global AI Startup]  IP Specialist Paralegal 고객사 온보딩,https://www.saramin.co.kr/zf_user/jobs/relay/view?view_type=search&rec_idx=48219318&location=ts&searchword=AI&searchType=search&paid_fl=n&search_uuid=5f4acfe6-a634-4d51-a120-a517d4bc89c9,입사지원
2024-06-10,커넥트밸류(주),AI로보틱스 직업훈련 취업컨설턴트/ 직업상담사 경력직 채용,https://www.saramin.co.kr/zf_user/jobs/relay/view?view_type=search&rec_idx=48068084&location=ts&searchword=AI&searchType=search&paid_fl=n&search_uuid=5f4acfe6-a634-4d51-a120-a517d4bc89c9,입사지원
2024-06-10,라이트비전(주),AI 인공지능 전문기업 정부사업 기획 전문가,https://www.saramin.co.kr/zf_user/jobs/relay/view?view_type=search&rec_idx=48346137&location=ts&searchword=AI&searchType=search&paid_fl=n&search_uuid=5f4acfe6-a634-4d51-a120-a517d4bc89c9,입사지원
2024-06-10,(주)비비파트너스,글로벌3대 AI기업 재무회계,https://www.saramin.co.kr/zf_user/jobs/relay/view?view_type=search&rec_idx=48292104&location=ts&searchword=AI&searchType=search&paid_fl=n&search_uuid=5f4acfe6-a634-4d51-a120-a517d4bc89c9,입사지원
2024-06-10,(주)라이노스,로봇전문기업 라이노스 AI로봇 온라인 담당자 모집,https://www.saramin.co.kr/zf_user/jobs/relay/view?view_type=search&rec_idx=48284977&location=ts&searchword=AI&searchType=search&paid_fl=n&search_uuid=5f4acfe6-a634-4d51-a120-a517d4bc89c9,입사지원
2024-06-10,주식회사에이아이미러,[AI MIRROR] 디자이너 채용 (인턴 신입 경력),https://www.saramin.co.kr/zf_user/jobs/relay/view?view_type=search&rec_idx=48357128&location=ts&searchword=AI&searchType=search&paid_fl=n&search_uuid=5f4acfe6-a634-4d51-a120-a517d4bc89c9,입사지원
2024-06-10,(주)제이앤제이네트웍스,[단체복 쇼핑몰]디자인팀 시안 디자이너 신입 경력 일러스트(ai),https://www.saramin.co.kr/zf_user/jobs/relay/view?view_type=search&rec_idx=48176027&location=ts&searchword=AI&searchType=search&paid_fl=n&search_uuid=5f4acfe6-a634-4d51-a120-a517d4bc89c9,입사지원
2024-06-10,(주)블레이드에이아이,[블레이드AI] 전략기획팀 인재 채용 (기획보조),https://www.saramin.co.kr/zf_user/jobs/relay/view?view_type=search&rec_idx=48281199&location=ts&searchword=AI&searchType=search&paid_fl=n&search_uuid=5f4acfe6-a634-4d51-a120-a517d4bc89c9,입사지원
2024-06-10,(주)커넥트브릭,[생성AI 스타트업] 콘텐츠 크리에이터 / 마케터,https://www.saramin.co.kr/zf_user/jobs/relay/view?view_type=search&rec_idx=48339696&location=ts&searchword=AI&searchType=search&paid_fl=n&search_uuid=5f4acfe6-a634-4d51-a120-a517d4bc89c9,입사지원
2024-06-10,(주)블레이드에이아이,[블레이드AI] 제작기획팀 영상PD 채용 (사원대리급),https://www.saramin.co.kr/zf_user/jobs/relay/view?view_type=search&rec_idx=48281841&location=ts&searchword=AI&searchType=search&paid_fl=n&search_uuid=5f4acfe6-a634-4d51-a120-a517d4bc89c9,입사지원
2024-06-10,(주)블레이드에이아이,[블레이드AI] 프로덕션팀 디자이너 인재 채용 (사원~주임급),https://www.saramin.co.kr/zf_user/jobs/relay/view?view_type=search&rec_idx=48281632&location=ts&searchword=AI&searchType=search&paid_fl=n&search_uuid=5f4acfe6-a634-4d51-a120-a517d4bc89c9,입사지원
2024-06-10,(주)블레이드에이아이,[블레이드AI] 전략기획팀 인재 채용 (A&R),https://www.saramin.co.kr/zf_user/jobs/relay/view?view_type=search&rec_idx=48281119&location=ts&searchword=AI&searchType=search&paid_fl=n&search_uuid=5f4acfe6-a634-4d51-a120-a517d4bc89c9,입사지원
2024-06-10,주식회사기역이응니은,미드져니 등 AI아트 디자이너 (포스터 공간 디자인) 신입,https://www.saramin.co.kr/zf_user/jobs/relay/view?view_type=search&rec_idx=48175744&location=ts&searchword=AI&searchType=search&paid_fl=n&search_uuid=5f4acfe6-a634-4d51-a120-a517d4bc89c9,입사지원
2024-06-10,(주)지니픽,ginipick AI Studio에서 창의적인 영상 PD를 모집합니다,https://www.saramin.co.kr/zf_user/jobs/relay/view?view_type=search&rec_idx=48187644&location=ts&searchword=AI&searchType=search&paid_fl=n&search_uuid=5f4acfe6-a634-4d51-a120-a517d4bc89c9,입사지원
2024-06-10,케이투스코리아유한회사,[중국어] AI 관련 업종 영업보조 영업지원 신입/경력 채용,https://www.saramin.co.kr/zf_user/jobs/relay/view?view_type=search&rec_idx=48057384&location=ts&searchword=AI&searchType=search&paid_fl=n&search_uuid=5f4acfe6-a634-4d51-a120-a517d4bc89c9,입사지원
2024-06-10,주식회사수고랩,[수고랩] 3D디자이너/ AI 디자이너 모집 공고,https://www.saramin.co.kr/zf_user/jobs/relay/view?view_type=search&rec_idx=48191878&location=ts&searchword=AI&searchType=search&paid_fl=n&search_uuid=5f4acfe6-a634-4d51-a120-a517d4bc89c9,입사지원
2024-06-10,주식회사 이빗,EBIT - Linguist (KR) - AI Trainer 모집 (부업/파트타임),https://www.saramin.co.kr/zf_user/jobs/relay/view?view_type=search&rec_idx=48271721&location=ts&searchword=AI&searchType=search&paid_fl=n&search_uuid=5f4acfe6-a634-4d51-a120-a517d4bc89c9,홈페이지지원
2024-06-10,닥터파인드,코스닥 AI 소프트웨어 개발 그룹 자회사 재무(결산) 담당 책임,https://www.saramin.co.kr/zf_user/jobs/relay/view?view_type=search&rec_idx=48325784&location=ts&searchword=AI&searchType=search&paid_fl=n&search_uuid=5f4acfe6-a634-4d51-a120-a517d4bc89c9,입사지원
2024-06-10,(주)메이크봇,AI챗봇 선두기업 서비스기획/신사업/마케팅 통합공고,https://www.saramin.co.kr/zf_user/jobs/relay/view?view_type=search&rec_idx=48302660&location=ts&searchword=AI&searchType=search&paid_fl=n&search_uuid=5f4acfe6-a634-4d51-a120-a517d4bc89c9,입사지원
2024-06-10,(주)윈큐브마케팅,생성형 AI 활용 디자이너 채용,https://www.saramin.co.kr/zf_user/jobs/relay/view?view_type=search&rec_idx=48196763&location=ts&searchword=AI&searchType=search&paid_fl=n&search_uuid=5f4acfe6-a634-4d51-a120-a517d4bc89c9,입사지원
2024-06-10,(주)널리소프트,SSEM 홍보 채용 [AI 세금신고 1위 SSEM],https://www.saramin.co.kr/zf_user/jobs/relay/view?view_type=search&rec_idx=48237760&location=ts&searchword=AI&searchType=search&paid_fl=n&search_uuid=5f4acfe6-a634-4d51-a120-a517d4bc89c9,입사지원
2024-06-10,(주)널리소프트,전략기획 담당자 채용 [AI 세금신고 1위 SSEM],https://www.saramin.co.kr/zf_user/jobs/relay/view?view_type=search&rec_idx=48262268&location=ts&searchword=AI&searchType=search&paid_fl=n&search_uuid=5f4acfe6-a634-4d51-a120-a517d4bc89c9,입사지원
2024-06-10,(주)딥브레인에이아이,[딥브레인AI] 자금담당 과차장급 채용,https://www.saramin.co.kr/zf_user/jobs/relay/view?view_type=search&rec_idx=48306241&location=ts&searchword=AI&searchType=search&paid_fl=n&search_uuid=5f4acfe6-a634-4d51-a120-a517d4bc89c9,입사지원
2024-06-10,(주)딥브레인에이아이,[딥브레인AI] IPO 업무 총괄 파트장,https://www.saramin.co.kr/zf_user/jobs/relay/view?view_type=search&rec_idx=48335432&location=ts&searchword=AI&searchType=search&paid_fl=n&search_uuid=5f4acfe6-a634-4d51-a120-a517d4bc89c9,입사지원
2024-06-10,(주)미스릴,(주)미스릴  채용 - AI 솔루션 영업관리 / 영업지원,https://www.saramin.co.kr/zf_user/jobs/relay/view?view_type=search&rec_idx=48225095&location=ts&searchword=AI&searchType=search&paid_fl=n&search_uuid=5f4acfe6-a634-4d51-a120-a517d4bc89c9,입사지원
2024-06-10,(주)트루엔,[트루엔] AI 개발자,https://www.saramin.co.kr/zf_user/jobs/relay/view?view_type=search&rec_idx=48245485&location=ts&searchword=AI&searchType=search&paid_fl=n&search_uuid=5f4acfe6-a634-4d51-a120-a517d4bc89c9,입사지원
2024-06-10,(주)야놀자,[커넥트파이클라우드] AI Engineer - ML Product,https://www.saramin.co.kr/zf_user/jobs/relay/view?view_type=search&rec_idx=48337014&location=ts&searchword=AI&searchType=search&paid_fl=n&search_uuid=5f4acfe6-a634-4d51-a120-a517d4bc89c9,홈페이지지원
2024-06-10,(주)라피치,[AI음성기술전문] 기업부설연구소 전문연구요원 채용(병역특례),https://www.saramin.co.kr/zf_user/jobs/relay/view?view_type=search&rec_idx=48076808&location=ts&searchword=AI&searchType=search&paid_fl=n&search_uuid=5f4acfe6-a634-4d51-a120-a517d4bc89c9,입사지원
2024-06-10,(주)라피치,[AI음성기술전문기업] 연구개발 담당 정규직 채용(경력),https://www.saramin.co.kr/zf_user/jobs/relay/view?view_type=search&rec_idx=48113743&location=ts&searchword=AI&searchType=search&paid_fl=n&search_uuid=5f4acfe6-a634-4d51-a120-a517d4bc89c9,입사지원
2024-06-10,(주)라피치,[AI음성인식전문] 연구개발 담당 채용(경력 5년 이상),https://www.saramin.co.kr/zf_user/jobs/relay/view?view_type=search&rec_idx=48246188&location=ts&searchword=AI&searchType=search&paid_fl=n&search_uuid=5f4acfe6-a634-4d51-a120-a517d4bc89c9,입사지원
2024-06-10,(주)디에스앤지,AI 인프라 AI Ops 환경 구성,https://www.saramin.co.kr/zf_user/jobs/relay/view?view_type=search&rec_idx=48290544&location=ts&searchword=AI&searchType=search&paid_fl=n&search_uuid=5f4acfe6-a634-4d51-a120-a517d4bc89c9,입사지원
2024-06-10,(주)모니터랩,[코스닥 상장] 모니터랩 AI 개발자 채용,https://www.saramin.co.kr/zf_user/jobs/relay/view?view_type=search&rec_idx=48297434&location=ts&searchword=AI&searchType=search&paid_fl=n&search_uuid=5f4acfe6-a634-4d51-a120-a517d4bc89c9,입사지원
2024-06-10,㈜덴티움,[덴티움] AI기반 자동화 기술 SW개발,https://www.saramin.co.kr/zf_user/jobs/relay/view?view_type=search&rec_idx=48319677&location=ts&searchword=AI&searchType=search&paid_fl=n&search_uuid=5f4acfe6-a634-4d51-a120-a517d4bc89c9,입사지원
2024-06-10,렉스젠(주),영상분석 AI 개발 팀장,https://www.saramin.co.kr/zf_user/jobs/relay/view?view_type=search&rec_idx=48344129&location=ts&searchword=AI&searchType=search&paid_fl=n&search_uuid=5f4acfe6-a634-4d51-a120-a517d4bc89c9,입사지원
2024-06-10,렉스젠(주),영상분석 AI 개발 팀원,https://www.saramin.co.kr/zf_user/jobs/relay/view?view_type=search&rec_idx=48344137&location=ts&searchword=AI&searchType=search&paid_fl=n&search_uuid=5f4acfe6-a634-4d51-a120-a517d4bc89c9,입사지원
2024-06-10,(주)크라우드웍스,AI Consultant,https://www.saramin.co.kr/zf_user/jobs/relay/view?view_type=search&rec_idx=47213499&location=ts&searchword=AI&searchType=search&paid_fl=n&search_uuid=5f4acfe6-a634-4d51-a120-a517d4bc89c9,홈페이지지원
2024-06-10,엔에이치엔(주),[NHN] Game AI 연구 및 서비스 개발,https://www.saramin.co.kr/zf_user/jobs/relay/view?view_type=search&rec_idx=48019933&location=ts&searchword=AI&searchType=search&paid_fl=n&search_uuid=5f4acfe6-a634-4d51-a120-a517d4bc89c9,홈페이지지원
2024-06-10,(주)넥서스커뮤니티,AI 개발(STT/LLM 모델 연구 및 개발),https://www.saramin.co.kr/zf_user/jobs/relay/view?view_type=search&rec_idx=48257390&location=ts&searchword=AI&searchType=search&paid_fl=n&search_uuid=5f4acfe6-a634-4d51-a120-a517d4bc89c9,입사지원
2024-06-10,코아텍(주),인공지능 실무업무 경력자(IT개발 AI  전기전자),https://www.saramin.co.kr/zf_user/jobs/relay/view?view_type=search&rec_idx=48281175&location=ts&searchword=AI&searchType=search&paid_fl=n&search_uuid=5f4acfe6-a634-4d51-a120-a517d4bc89c9,입사지원
2024-06-10,제이피아이헬스케어(주),AI 의료영상 3차원 재구성 알고리즘 개발자 채용의 건,https://www.saramin.co.kr/zf_user/jobs/relay/view?view_type=search&rec_idx=48279634&location=ts&searchword=AI&searchType=search&paid_fl=n&search_uuid=5f4acfe6-a634-4d51-a120-a517d4bc89c9,입사지원
2024-06-10,(주)알에스엔,[신입/경력] AI Developer 팀원 채용,https://www.saramin.co.kr/zf_user/jobs/relay/view?view_type=search&rec_idx=47994820&location=ts&searchword=AI&searchType=search&paid_fl=n&search_uuid=5f4acfe6-a634-4d51-a120-a517d4bc89c9,입사지원
2024-06-10,㈜그린텍아이엔씨,AI 개발자 모집,https://www.saramin.co.kr/zf_user/jobs/relay/view?view_type=search&rec_idx=48327676&location=ts&searchword=AI&searchType=search&paid_fl=n&search_uuid=5f4acfe6-a634-4d51-a120-a517d4bc89c9,입사지원
2024-06-10,(주)큐앤드비인터내셔날,AI그래픽 신입/경력 채용,https://www.saramin.co.kr/zf_user/jobs/relay/view?view_type=search&rec_idx=48327716&location=ts&searchword=AI&searchType=search&paid_fl=n&search_uuid=5f4acfe6-a634-4d51-a120-a517d4bc89c9,입사지원
2024-06-10,(주)스카우트,유망 AI 업체 프런트엔드 Senior 개발자,https://www.saramin.co.kr/zf_user/jobs/relay/view?view_type=search&rec_idx=48332210&location=ts&searchword=AI&searchType=search&paid_fl=n&search_uuid=5f4acfe6-a634-4d51-a120-a517d4bc89c9,홈페이지지원
2024-06-10,(주)알티베이스,AI 데이터 솔루션 개발 및 컨설팅 국책과제 담당 및 전략 기획,https://www.saramin.co.kr/zf_user/jobs/relay/view?view_type=search&rec_idx=48333094&location=ts&searchword=AI&searchType=search&paid_fl=n&search_uuid=5f4acfe6-a634-4d51-a120-a517d4bc89c9,입사지원
2024-06-10,(주)스카우트,유명 대기업-AI(LLM)엔지니어(석/박사),https://www.saramin.co.kr/zf_user/jobs/relay/view?view_type=search&rec_idx=48354242&location=ts&searchword=AI&searchType=search&paid_fl=n&search_uuid=5f4acfe6-a634-4d51-a120-a517d4bc89c9,입사지원
2024-06-10,(주)젬백스링크,[코스닥 상장] (주)젬백스링크 AI 분야 개발자 경력직 채용,https://www.saramin.co.kr/zf_user/jobs/relay/view?view_type=search&rec_idx=48248126&location=ts&searchword=AI&searchType=search&paid_fl=n&search_uuid=5f4acfe6-a634-4d51-a120-a517d4bc89c9,입사지원
2024-06-10,한일네트웍스(주),한일네트웍스 AI 웹 개발자 채용(경력),https://www.saramin.co.kr/zf_user/jobs/relay/view?view_type=search&rec_idx=48343807&location=ts&searchword=AI&searchType=search&paid_fl=n&search_uuid=5f4acfe6-a634-4d51-a120-a517d4bc89c9,입사지원
2024-06-10,(주)티맥스소프트,[TmaxSoft/연구소] AI연구파트장 수시모집,https://www.saramin.co.kr/zf_user/jobs/relay/view?view_type=search&rec_idx=48247245&location=ts&searchword=AI&searchType=search&paid_fl=n&search_uuid=5f4acfe6-a634-4d51-a120-a517d4bc89c9,홈페이지지원
2024-06-10,(주)티맥스소프트,[TmaxSoft] AI연구 파트장 수시모집 - R&D,https://www.saramin.co.kr/zf_user/jobs/relay/view?view_type=search&rec_idx=48277112&location=ts&searchword=AI&searchType=search&paid_fl=n&search_uuid=5f4acfe6-a634-4d51-a120-a517d4bc89c9,홈페이지지원
2024-06-10,(주)플랜티넷,[판교IT 상장사]  전문연구요원(병특) AI 개발,https://www.saramin.co.kr/zf_user/jobs/relay/view?view_type=search&rec_idx=48345959&location=ts&searchword=AI&searchType=search&paid_fl=n&search_uuid=5f4acfe6-a634-4d51-a120-a517d4bc89c9,입사지원
2024-06-10,(주)가치소프트,2D/3D Vision 및 AI SW개발 프로그래머 채용[세종],https://www.saramin.co.kr/zf_user/jobs/relay/view?view_type=search&rec_idx=48181727&location=ts&searchword=AI&searchType=search&paid_fl=n&search_uuid=5f4acfe6-a634-4d51-a120-a517d4bc89c9,입사지원
2024-06-10,(주)지오스토리,[지오스토리] 영상 딥러닝 AI개발자 경력직 채용,https://www.saramin.co.kr/zf_user/jobs/relay/view?view_type=search&rec_idx=48196839&location=ts&searchword=AI&searchType=search&paid_fl=n&search_uuid=5f4acfe6-a634-4d51-a120-a517d4bc89c9,입사지원
2024-06-10,주식회사 브이원텍,AI & 머신비전 프로젝트 엔진 개발자 모집 (경력),https://www.saramin.co.kr/zf_user/jobs/relay/view?view_type=search&rec_idx=48232141&location=ts&searchword=AI&searchType=search&paid_fl=n&search_uuid=5f4acfe6-a634-4d51-a120-a517d4bc89c9,입사지원
2024-06-10,(주)플래티어,[병역특례/전문연구요원] 초거대 생성형  AI 기술 개발,https://www.saramin.co.kr/zf_user/jobs/relay/view?view_type=search&rec_idx=48256656&location=ts&searchword=AI&searchType=search&paid_fl=n&search_uuid=5f4acfe6-a634-4d51-a120-a517d4bc89c9,홈페이지지원
2024-06-10,(주)지란지교데이터,AI 인공지능 개발자 채용 (5년 이상 경력) - 대전,https://www.saramin.co.kr/zf_user/jobs/relay/view?view_type=search&rec_idx=48328998&location=ts&searchword=AI&searchType=search&paid_fl=n&search_uuid=5f4acfe6-a634-4d51-a120-a517d4bc89c9,입사지원
2024-06-10,(주)딥노이드,AI연구원 - AI R&D (컴퓨터 비전 알고리즘 연구),https://www.saramin.co.kr/zf_user/jobs/relay/view?view_type=search&rec_idx=48340353&location=ts&searchword=AI&searchType=search&paid_fl=n&search_uuid=5f4acfe6-a634-4d51-a120-a517d4bc89c9,입사지원
2024-06-10,(주)비아이매트릭스,[코스닥기업] 생성형 AI 컨설턴트 채용,https://www.saramin.co.kr/zf_user/jobs/relay/view?view_type=search&rec_idx=48334489&location=ts&searchword=AI&searchType=search&paid_fl=n&search_uuid=5f4acfe6-a634-4d51-a120-a517d4bc89c9,입사지원
2024-06-10,(주)비아이매트릭스,[코스닥기업] 생성형 AI 엔지니어 채용,https://www.saramin.co.kr/zf_user/jobs/relay/view?view_type=search&rec_idx=48334395&location=ts&searchword=AI&searchType=search&paid_fl=n&search_uuid=5f4acfe6-a634-4d51-a120-a517d4bc89c9,입사지원
2024-06-10,콘센트릭스서비스코리아(유),Gen AI Python 개발자,https://www.saramin.co.kr/zf_user/jobs/relay/view?view_type=search&rec_idx=48364871&location=ts&searchword=AI&searchType=search&paid_fl=n&search_uuid=5f4acfe6-a634-4d51-a120-a517d4bc89c9,입사지원
2024-06-10,(주)리스너,AI 개발자 채용(솔루션 기능 개선) [신입/경력],https://www.saramin.co.kr/zf_user/jobs/relay/view?view_type=search&rec_idx=48209590&location=ts&searchword=AI&searchType=search&paid_fl=n&search_uuid=5f4acfe6-a634-4d51-a120-a517d4bc89c9,입사지원
2024-06-10,(주)엠폴시스템,(주)엠폴시스템 AI데이터 사이언티스트 모집합니다.,https://www.saramin.co.kr/zf_user/jobs/relay/view?view_type=search&rec_idx=48341373&location=ts&searchword=AI&searchType=search&paid_fl=n&search_uuid=5f4acfe6-a634-4d51-a120-a517d4bc89c9,입사지원
2024-06-10,뉴로핏(주),[의료AI기업]연구분야 모집(의공학/영상기반AI/AI Engineer인턴),https://www.saramin.co.kr/zf_user/jobs/relay/view?view_type=search&rec_idx=48363315&location=ts&searchword=AI&searchType=search&paid_fl=n&search_uuid=5f4acfe6-a634-4d51-a120-a517d4bc89c9,홈페이지지원
2024-06-10,(주)에이아이딥,(주)에이아이딥 AI 개발자 채용,https://www.saramin.co.kr/zf_user/jobs/relay/view?view_type=search&rec_idx=48025601&location=ts&searchword=AI&searchType=search&paid_fl=n&search_uuid=5f4acfe6-a634-4d51-a120-a517d4bc89c9,입사지원
2024-06-10,에이치에스소프트(주),AI개발자 채용(경력),https://www.saramin.co.kr/zf_user/jobs/relay/view?view_type=search&rec_idx=48333194&location=ts&searchword=AI&searchType=search&paid_fl=n&search_uuid=5f4acfe6-a634-4d51-a120-a517d4bc89c9,입사지원
2024-06-10,에프원소프트(주),[IT기업] AI특화 사업 PM 정규직 채용,https://www.saramin.co.kr/zf_user/jobs/relay/view?view_type=search&rec_idx=48080875&location=ts&searchword=AI&searchType=search&paid_fl=n&search_uuid=5f4acfe6-a634-4d51-a120-a517d4bc89c9,입사지원
2024-06-10,사이테크놀로지스(주),지능형 CCTV 어플리케이션 개발자 (Seeking Developers for AI),https://www.saramin.co.kr/zf_user/jobs/relay/view?view_type=search&rec_idx=47976217&location=ts&searchword=AI&searchType=search&paid_fl=n&search_uuid=5f4acfe6-a634-4d51-a120-a517d4bc89c9,입사지원
2024-06-10,(주)아이와즈,[AI] Python JAVA 머신러닝 개발자 모집(석박사 모집),https://www.saramin.co.kr/zf_user/jobs/relay/view?view_type=search&rec_idx=48095071&location=ts&searchword=AI&searchType=search&paid_fl=n&search_uuid=5f4acfe6-a634-4d51-a120-a517d4bc89c9,입사지원
2024-06-10,(주)페르소나에이아이,[딥러닝] 생성형 AI 모델 연구 및 응용 개발자,https://www.saramin.co.kr/zf_user/jobs/relay/view?view_type=search&rec_idx=48229188&location=ts&searchword=AI&searchType=search&paid_fl=n&search_uuid=5f4acfe6-a634-4d51-a120-a517d4bc89c9,입사지원
2024-06-10,(주)에이엔제이솔루션,(주)에이엔제이솔루션 - AI개발팀 직원 채용,https://www.saramin.co.kr/zf_user/jobs/relay/view?view_type=search&rec_idx=48363299&location=ts&searchword=AI&searchType=search&paid_fl=n&search_uuid=5f4acfe6-a634-4d51-a120-a517d4bc89c9,입사지원
2024-06-10,(주)와포,[정규직] AI 및 백엔드 개발자 모집,https://www.saramin.co.kr/zf_user/jobs/relay/view?view_type=search&rec_idx=48321656&location=ts&searchword=AI&searchType=search&paid_fl=n&search_uuid=5f4acfe6-a634-4d51-a120-a517d4bc89c9,입사지원
2024-06-10,(주)에이엘아이,[병역특례/전문연구요원] (주) 에이엘아이 AI 개발자,https://www.saramin.co.kr/zf_user/jobs/relay/view?view_type=search&rec_idx=48086639&location=ts&searchword=AI&searchType=search&paid_fl=n&search_uuid=5f4acfe6-a634-4d51-a120-a517d4bc89c9,입사지원
2024-06-10,(주)스위트케이,자연어처리 분야 인공지능(AI) 연구원 모집,https://www.saramin.co.kr/zf_user/jobs/relay/view?view_type=search&rec_idx=48052692&location=ts&searchword=AI&searchType=search&paid_fl=n&search_uuid=5f4acfe6-a634-4d51-a120-a517d4bc89c9,입사지원
2024-06-10,(주)차비누,AI 사용 전문가 모집,https://www.saramin.co.kr/zf_user/jobs/relay/view?view_type=search&rec_idx=48263521&location=ts&searchword=AI&searchType=search&paid_fl=n&search_uuid=5f4acfe6-a634-4d51-a120-a517d4bc89c9,입사지원
2024-06-10,(주)휴라,[병특/전문연구요원] 전파 AI 기술 개발,https://www.saramin.co.kr/zf_user/jobs/relay/view?view_type=search&rec_idx=48272437&location=ts&searchword=AI&searchType=search&paid_fl=n&search_uuid=5f4acfe6-a634-4d51-a120-a517d4bc89c9,입사지원
2024-06-10,(주)클루커스,[클루커스] GEN AI Engineer 모집,https://www.saramin.co.kr/zf_user/jobs/relay/view?view_type=search&rec_idx=48265091&location=ts&searchword=AI&searchType=search&paid_fl=n&search_uuid=5f4acfe6-a634-4d51-a120-a517d4bc89c9,입사지원
2024-06-10,(주)데이터쿡,AI설계 및 개발팀 모집 경력 채용,https://www.saramin.co.kr/zf_user/jobs/relay/view?view_type=search&rec_idx=48324687&location=ts&searchword=AI&searchType=search&paid_fl=n&search_uuid=5f4acfe6-a634-4d51-a120-a517d4bc89c9,입사지원
2024-06-10,(주)스카이블루,AI개발 및 플랫폼 고도화 구성원 모집,https://www.saramin.co.kr/zf_user/jobs/relay/view?view_type=search&rec_idx=48181803&location=ts&searchword=AI&searchType=search&paid_fl=n&search_uuid=5f4acfe6-a634-4d51-a120-a517d4bc89c9,입사지원
2024-06-10,(주)에스에스티랩,AI 보안검색장비 소프트웨어 설계 인재 모집,https://www.saramin.co.kr/zf_user/jobs/relay/view?view_type=search&rec_idx=47969266&location=ts&searchword=AI&searchType=search&paid_fl=n&search_uuid=5f4acfe6-a634-4d51-a120-a517d4bc89c9,입사지원
2024-06-10,(주)덴컴,[AI 전문기업 덴컴] 음성 전처리 엔지니어 채용,https://www.saramin.co.kr/zf_user/jobs/relay/view?view_type=search&rec_idx=48232216&location=ts&searchword=AI&searchType=search&paid_fl=n&search_uuid=5f4acfe6-a634-4d51-a120-a517d4bc89c9,입사지원
2024-06-10,(주)덴컴,AI Researcher 팀장 채용,https://www.saramin.co.kr/zf_user/jobs/relay/view?view_type=search&rec_idx=48236774&location=ts&searchword=AI&searchType=search&paid_fl=n&search_uuid=5f4acfe6-a634-4d51-a120-a517d4bc89c9,입사지원
2024-06-10,(주)덴컴,[AI 전문기업 덴컴] AI Researcher 팀장 채용,https://www.saramin.co.kr/zf_user/jobs/relay/view?view_type=search&rec_idx=48231722&location=ts&searchword=AI&searchType=search&paid_fl=n&search_uuid=5f4acfe6-a634-4d51-a120-a517d4bc89c9,입사지원
2024-06-10,(주)덴컴,AI Researcher 채용,https://www.saramin.co.kr/zf_user/jobs/relay/view?view_type=search&rec_idx=48236791&location=ts&searchword=AI&searchType=search&paid_fl=n&search_uuid=5f4acfe6-a634-4d51-a120-a517d4bc89c9,입사지원
2024-06-10,(주)덴컴,[AI 전문기업 덴컴] 프론트엔드 개발 리더급 채용,https://www.saramin.co.kr/zf_user/jobs/relay/view?view_type=search&rec_idx=48231459&location=ts&searchword=AI&searchType=search&paid_fl=n&search_uuid=5f4acfe6-a634-4d51-a120-a517d4bc89c9,입사지원
2024-06-10,(주)덴컴,[AI 전문기업 덴컴] ML Optimization 엔지니어 채용,https://www.saramin.co.kr/zf_user/jobs/relay/view?view_type=search&rec_idx=48275802&location=ts&searchword=AI&searchType=search&paid_fl=n&search_uuid=5f4acfe6-a634-4d51-a120-a517d4bc89c9,입사지원
2024-06-10,거림아이티(주),머신러닝 AI 기술을 활용한 응용소프트웨어 개발자 모집,https://www.saramin.co.kr/zf_user/jobs/relay/view?view_type=search&rec_idx=48285739&location=ts&searchword=AI&searchType=search&paid_fl=n&search_uuid=5f4acfe6-a634-4d51-a120-a517d4bc89c9,입사지원
2024-06-10,(주)스마트프로,AI분야 경력자 채용,https://www.saramin.co.kr/zf_user/jobs/relay/view?view_type=search&rec_idx=48328639&location=ts&searchword=AI&searchType=search&paid_fl=n&search_uuid=5f4acfe6-a634-4d51-a120-a517d4bc89c9,입사지원
2024-06-10,(주)인텔로이드,Voice AI 전문기업 (주)인텔로이드 인공지능 서비스 개발자 채용,https://www.saramin.co.kr/zf_user/jobs/relay/view?view_type=search&rec_idx=48152800&location=ts&searchword=AI&searchType=search&paid_fl=n&search_uuid=5f4acfe6-a634-4d51-a120-a517d4bc89c9,입사지원
2024-06-10,(주)딥인스펙션,신입사원 AI모델 연구개발자 채용공고,https://www.saramin.co.kr/zf_user/jobs/relay/view?view_type=search&rec_idx=48073684&location=ts&searchword=AI&searchType=search&paid_fl=n&search_uuid=5f4acfe6-a634-4d51-a120-a517d4bc89c9,입사지원
2024-06-10,(주)컴트루테크놀로지,[AI인공지능/정보보안] Windows C/C++ 개발자,https://www.saramin.co.kr/zf_user/jobs/relay/view?view_type=search&rec_idx=48208883&location=ts&searchword=AI&searchType=search&paid_fl=n&search_uuid=5f4acfe6-a634-4d51-a120-a517d4bc89c9,입사지원
2024-06-10,(주)펀진,개발팀 팀장급 채용 (사업분야 : AI IoT MLOps),https://www.saramin.co.kr/zf_user/jobs/relay/view?view_type=search&rec_idx=48315592&location=ts&searchword=AI&searchType=search&paid_fl=n&search_uuid=5f4acfe6-a634-4d51-a120-a517d4bc89c9,입사지원
2024-06-10,이투스에듀(주),[이투스에듀] G본부 플랫폼인프라실  AI백엔드개발 채용,https://www.saramin.co.kr/zf_user/jobs/relay/view?view_type=search&rec_idx=48304661&location=ts&searchword=AI&searchType=search&paid_fl=n&search_uuid=5f4acfe6-a634-4d51-a120-a517d4bc89c9,입사지원
2024-06-10,(주)딥파인,AI Engineer,https://www.saramin.co.kr/zf_user/jobs/relay/view?view_type=search&rec_idx=48337259&location=ts&searchword=AI&searchType=search&paid_fl=n&search_uuid=5f4acfe6-a634-4d51-a120-a517d4bc89c9,입사지원
2024-06-10,(주)코그넷나인,B2B AI 서비스 기획자 (책임급),https://www.saramin.co.kr/zf_user/jobs/relay/view?view_type=search&rec_idx=48288169&location=ts&searchword=AI&searchType=search&paid_fl=n&search_uuid=5f4acfe6-a634-4d51-a120-a517d4bc89c9,입사지원
2024-06-10,(주)마크비전코리아,[Global AI Startup] Customer Experience Intern,https://www.saramin.co.kr/zf_user/jobs/relay/view?view_type=search&rec_idx=47390104&location=ts&searchword=AI&searchType=search&paid_fl=n&search_uuid=5f4acfe6-a634-4d51-a120-a517d4bc89c9,홈페이지지원
2024-06-10,(주)버즈니,[커머스 AI ] AI 백엔드 엔지니어,https://www.saramin.co.kr/zf_user/jobs/relay/view?view_type=search&rec_idx=47639898&location=ts&searchword=AI&searchType=search&paid_fl=n&search_uuid=5f4acfe6-a634-4d51-a120-a517d4bc89c9,홈페이지지원
2024-06-10,(주)자비스,인공지능(AI) 전장모빌리티 IOT펌웨어 외 정규직 채용,https://www.saramin.co.kr/zf_user/jobs/relay/view?view_type=search&rec_idx=48088205&location=ts&searchword=AI&searchType=search&paid_fl=n&search_uuid=5f4acfe6-a634-4d51-a120-a517d4bc89c9,입사지원
2024-06-10,(주)씨엘모빌리티,[강남] AI 연구소 모빌리티 서비스 시스템 개발자 채용,https://www.saramin.co.kr/zf_user/jobs/relay/view?view_type=search&rec_idx=48216233&location=ts&searchword=AI&searchType=search&paid_fl=n&search_uuid=5f4acfe6-a634-4d51-a120-a517d4bc89c9,입사지원
2024-06-10,나무기술(주),[경력] AI/ML 서비스 및 솔루션 개발자,https://www.saramin.co.kr/zf_user/jobs/relay/view?view_type=search&rec_idx=48256410&location=ts&searchword=AI&searchType=search&paid_fl=n&search_uuid=5f4acfe6-a634-4d51-a120-a517d4bc89c9,입사지원
2024-06-10,(주)엔피에스,병역특례 전문연구요원 채용(AI관련 석사이상-청주 오송근무),https://www.saramin.co.kr/zf_user/jobs/relay/view?view_type=search&rec_idx=48140840&location=ts&searchword=AI&searchType=search&paid_fl=n&search_uuid=b4208410-8bf1-4126-8588-145b581d73ab,입사지원
2024-06-10,(주)스피링크,[TEXTNET] AI Data 설계/구축 B2B Sales Manager,https://www.saramin.co.kr/zf_user/jobs/relay/view?view_type=search&rec_idx=48142560&location=ts&searchword=AI&searchType=search&paid_fl=n&search_uuid=b4208410-8bf1-4126-8588-145b581d73ab,홈페이지지원
2024-06-10,(주)딥인사이트,AI 개발자 모집,https://www.saramin.co.kr/zf_user/jobs/relay/view?view_type=search&rec_idx=48046748&location=ts&searchword=AI&searchType=search&paid_fl=n&search_uuid=b4208410-8bf1-4126-8588-145b581d73ab,입사지원
2024-06-10,(주)스피링크,[인재풀] AI/챗봇 데이터 설계/구축 프리랜서 상시 모집,https://www.saramin.co.kr/zf_user/jobs/relay/view?view_type=search&rec_idx=48197172&location=ts&searchword=AI&searchType=search&paid_fl=n&search_uuid=b4208410-8bf1-4126-8588-145b581d73ab,홈페이지지원
2024-06-10,(주)스피링크,[인재풀] AI 챗봇 개발 프리랜서 상시 모집(Back/Front),https://www.saramin.co.kr/zf_user/jobs/relay/view?view_type=search&rec_idx=48197109&location=ts&searchword=AI&searchType=search&paid_fl=n&search_uuid=b4208410-8bf1-4126-8588-145b581d73ab,홈페이지지원
2024-06-10,(주)스피링크,[인재풀] LLM 기반 AI 서비스 개발 프리랜서 상시 모집,https://www.saramin.co.kr/zf_user/jobs/relay/view?view_type=search&rec_idx=48197153&location=ts&searchword=AI&searchType=search&paid_fl=n&search_uuid=b4208410-8bf1-4126-8588-145b581d73ab,홈페이지지원
2024-06-10,(주)엑소시스템즈,디지털헬스케어 플랫폼 AI 엔지니어 (병역특례 가능),https://www.saramin.co.kr/zf_user/jobs/relay/view?view_type=search&rec_idx=48281651&location=ts&searchword=AI&searchType=search&paid_fl=n&search_uuid=b4208410-8bf1-4126-8588-145b581d73ab,입사지원
2024-06-10,(주)인터엑스,[서울] [병역특례한정] AI Researcher (언어모델 LLM NLP),https://www.saramin.co.kr/zf_user/jobs/relay/view?view_type=search&rec_idx=48295387&location=ts&searchword=AI&searchType=search&paid_fl=n&search_uuid=b4208410-8bf1-4126-8588-145b581d73ab,입사지원
2024-06-10,(주)인터엑스,[서울] AI Researcher (언어모델 LLM NLP),https://www.saramin.co.kr/zf_user/jobs/relay/view?view_type=search&rec_idx=48295087&location=ts&searchword=AI&searchType=search&paid_fl=n&search_uuid=b4208410-8bf1-4126-8588-145b581d73ab,입사지원
2024-06-10,(주)엑소시스템즈,[디지털헬스케어] AI 엔지니어 (병역특례 / CTO 레벨 가능),https://www.saramin.co.kr/zf_user/jobs/relay/view?view_type=search&rec_idx=48330233&location=ts&searchword=AI&searchType=search&paid_fl=n&search_uuid=b4208410-8bf1-4126-8588-145b581d73ab,입사지원
2024-06-10,아토플래닛(주),아토플래닛(주)  SW·AI 분야 프로그램 기획 및 운영 부문(경력),https://www.saramin.co.kr/zf_user/jobs/relay/view?view_type=search&rec_idx=48358697&location=ts&searchword=AI&searchType=search&paid_fl=n&search_uuid=b4208410-8bf1-4126-8588-145b581d73ab,입사지원
2024-06-10,(주)디오비스튜디오,[dobstudio] AI연구개발 박사급 인력 채용,https://www.saramin.co.kr/zf_user/jobs/relay/view?view_type=search&rec_idx=48355930&location=ts&searchword=AI&searchType=search&paid_fl=n&search_uuid=b4208410-8bf1-4126-8588-145b581d73ab,입사지원
2024-06-10,주식회사 피매치,AI 엔지니어,https://www.saramin.co.kr/zf_user/jobs/relay/view?view_type=search&rec_idx=46939850&location=ts&searchword=AI&searchType=search&paid_fl=n&search_uuid=b4208410-8bf1-4126-8588-145b581d73ab,홈페이지지원
2024-06-10,(주)인사이터,(경력) AI 데이터 엔지니어를 모십니다,https://www.saramin.co.kr/zf_user/jobs/relay/view?view_type=search&rec_idx=48229087&location=ts&searchword=AI&searchType=search&paid_fl=n&search_uuid=b4208410-8bf1-4126-8588-145b581d73ab,입사지원
2024-06-10,HR컨설팅(주),10대대기업 계열IT사 그룹 AI/Data 전략 수립 및 컨설팅,https://www.saramin.co.kr/zf_user/jobs/relay/view?view_type=search&rec_idx=48243588&location=ts&searchword=AI&searchType=search&paid_fl=n&search_uuid=b4208410-8bf1-4126-8588-145b581d73ab,홈페이지지원
2024-06-10,매드업,[광고사업부] AI Data Analyst 채용,https://www.saramin.co.kr/zf_user/jobs/relay/view?view_type=search&rec_idx=48311571&location=ts&searchword=AI&searchType=search&paid_fl=n&search_uuid=b4208410-8bf1-4126-8588-145b581d73ab,홈페이지지원
2024-06-10,(주)아이팝,병역특례(현역) / AI분야 연구/개발자 전문연구요원모집.,https://www.saramin.co.kr/zf_user/jobs/relay/view?view_type=search&rec_idx=48323657&location=ts&searchword=AI&searchType=search&paid_fl=n&search_uuid=b4208410-8bf1-4126-8588-145b581d73ab,입사지원
2024-06-10,주식회사 그라운드원,[경력] AI/ 컴퓨터 비전/ ML엔지니어 모집,https://www.saramin.co.kr/zf_user/jobs/relay/view?view_type=search&rec_idx=48018918&location=ts&searchword=AI&searchType=search&paid_fl=n&search_uuid=b4208410-8bf1-4126-8588-145b581d73ab,입사지원
2024-06-10,(주)엔엠에스컨설팅,IT/AI 분야 서비스기획  실장 (유명 소프트 회사),https://www.saramin.co.kr/zf_user/jobs/relay/view?view_type=search&rec_idx=48318807&location=ts&searchword=AI&searchType=search&paid_fl=n&search_uuid=b4208410-8bf1-4126-8588-145b581d73ab,입사지원
2024-06-10,(주)투비파트너즈,[코스닥] 기업 및 공공분야 AI 컨설턴트 (5~10년),https://www.saramin.co.kr/zf_user/jobs/relay/view?view_type=search&rec_idx=48361607&location=ts&searchword=AI&searchType=search&paid_fl=n&search_uuid=b4208410-8bf1-4126-8588-145b581d73ab,입사지원
2024-06-10,(주)투비파트너즈,[코스닥] 생성형 AI 컨설턴트 (3~5년),https://www.saramin.co.kr/zf_user/jobs/relay/view?view_type=search&rec_idx=48361668&location=ts&searchword=AI&searchType=search&paid_fl=n&search_uuid=b4208410-8bf1-4126-8588-145b581d73ab,입사지원
2024-06-10,(주)아임토리,이미지 AI 개발자 경력 채용,https://www.saramin.co.kr/zf_user/jobs/relay/view?view_type=search&rec_idx=47985821&location=ts&searchword=AI&searchType=search&paid_fl=n&search_uuid=b4208410-8bf1-4126-8588-145b581d73ab,입사지원
2024-06-10,(주)헤링스,AI 백엔드 개발자 채용,https://www.saramin.co.kr/zf_user/jobs/relay/view?view_type=search&rec_idx=48151301&location=ts&searchword=AI&searchType=search&paid_fl=n&search_uuid=b4208410-8bf1-4126-8588-145b581d73ab,입사지원
2024-06-10,(주)마인즈앤컴퍼니,[인공지능솔루션] AI Engineer 채용,https://www.saramin.co.kr/zf_user/jobs/relay/view?view_type=search&rec_idx=48025594&location=ts&searchword=AI&searchType=search&paid_fl=n&search_uuid=b4208410-8bf1-4126-8588-145b581d73ab,입사지원
2024-06-10,(주)그레이드헬스체인,[병역특례/전문연구요원] AI 개발자,https://www.saramin.co.kr/zf_user/jobs/relay/view?view_type=search&rec_idx=48175139&location=ts&searchword=AI&searchType=search&paid_fl=n&search_uuid=b4208410-8bf1-4126-8588-145b581d73ab,입사지원
2024-06-10,(주)라온메디,AI Engineer,https://www.saramin.co.kr/zf_user/jobs/relay/view?view_type=search&rec_idx=48178207&location=ts&searchword=AI&searchType=search&paid_fl=n&search_uuid=b4208410-8bf1-4126-8588-145b581d73ab,홈페이지지원
2024-06-10,(주)아론티어,Artificial Intelligence(AI) engineering,https://www.saramin.co.kr/zf_user/jobs/relay/view?view_type=search&rec_idx=48044674&location=ts&searchword=AI&searchType=search&paid_fl=n&search_uuid=b4208410-8bf1-4126-8588-145b581d73ab,입사지원
2024-06-10,(주)엘로이랩,[서울/AI 초분광] AI Engineer 채용(C++/영상처리/MFC/경력,https://www.saramin.co.kr/zf_user/jobs/relay/view?view_type=search&rec_idx=48075107&location=ts&searchword=AI&searchType=search&paid_fl=n&search_uuid=b4208410-8bf1-4126-8588-145b581d73ab,입사지원
2024-06-10,(주)위존,[경력] AI 엔지니어 채용 - ML분야,https://www.saramin.co.kr/zf_user/jobs/relay/view?view_type=search&rec_idx=48191167&location=ts&searchword=AI&searchType=search&paid_fl=n&search_uuid=b4208410-8bf1-4126-8588-145b581d73ab,입사지원
2024-06-10,(주)리콘랩스,[리콘랩스] 3D AI Researcher(박사급) 모집,https://www.saramin.co.kr/zf_user/jobs/relay/view?view_type=search&rec_idx=48091008&location=ts&searchword=AI&searchType=search&paid_fl=n&search_uuid=b4208410-8bf1-4126-8588-145b581d73ab,입사지원
2024-06-10,(주)리즈헬스케어,AI 개발자 채용,https://www.saramin.co.kr/zf_user/jobs/relay/view?view_type=search&rec_idx=48096662&location=ts&searchword=AI&searchType=search&paid_fl=n&search_uuid=b4208410-8bf1-4126-8588-145b581d73ab,입사지원
2024-06-10,에버엑스 주식회사,AI 리서치 엔지니어,https://www.saramin.co.kr/zf_user/jobs/relay/view?view_type=search&rec_idx=48057529&location=ts&searchword=AI&searchType=search&paid_fl=n&search_uuid=b4208410-8bf1-4126-8588-145b581d73ab,입사지원
2024-06-10,에버엑스 주식회사,AI 소프트웨어 엔지니어,https://www.saramin.co.kr/zf_user/jobs/relay/view?view_type=search&rec_idx=48055875&location=ts&searchword=AI&searchType=search&paid_fl=n&search_uuid=b4208410-8bf1-4126-8588-145b581d73ab,입사지원
2024-06-10,(주)엘로이랩,[서울/AI 초분광 솔루션] AI Product Engineer(신입),https://www.saramin.co.kr/zf_user/jobs/relay/view?view_type=search&rec_idx=48075085&location=ts&searchword=AI&searchType=search&paid_fl=n&search_uuid=b4208410-8bf1-4126-8588-145b581d73ab,입사지원
2024-06-10,에버엑스 주식회사,AI 리서치 엔지니어 [전문연구요원],https://www.saramin.co.kr/zf_user/jobs/relay/view?view_type=search&rec_idx=48057569&location=ts&searchword=AI&searchType=search&paid_fl=n&search_uuid=b4208410-8bf1-4126-8588-145b581d73ab,입사지원
2024-06-10,(주)엘로이랩,[서울/AI 초분광 솔루션] AI Researcher 채용(경력),https://www.saramin.co.kr/zf_user/jobs/relay/view?view_type=search&rec_idx=48075097&location=ts&searchword=AI&searchType=search&paid_fl=n&search_uuid=b4208410-8bf1-4126-8588-145b581d73ab,입사지원
2024-06-10,(주)위존,[경력] AI 엔지니어 채용 - LLM분야,https://www.saramin.co.kr/zf_user/jobs/relay/view?view_type=search&rec_idx=48191101&location=ts&searchword=AI&searchType=search&paid_fl=n&search_uuid=b4208410-8bf1-4126-8588-145b581d73ab,입사지원
2024-06-10,(주)케이텍,프로그램 개발자 모집(Machine Vision AI(Python) C C# C++),https://www.saramin.co.kr/zf_user/jobs/relay/view?view_type=search&rec_idx=48314543&location=ts&searchword=AI&searchType=search&paid_fl=n&search_uuid=b4208410-8bf1-4126-8588-145b581d73ab,입사지원
2024-06-10,(주)델타엑스,AI 연구원 및 개발자 모집,https://www.saramin.co.kr/zf_user/jobs/relay/view?view_type=search&rec_idx=48334180&location=ts&searchword=AI&searchType=search&paid_fl=n&search_uuid=b4208410-8bf1-4126-8588-145b581d73ab,입사지원
2024-06-10,(주)엘로이랩,[서울/병역특례(전문연구요원)] AI Researcher 채용,https://www.saramin.co.kr/zf_user/jobs/relay/view?view_type=search&rec_idx=48346148&location=ts&searchword=AI&searchType=search&paid_fl=n&search_uuid=b4208410-8bf1-4126-8588-145b581d73ab,입사지원
2024-06-10,(주)안티그래비티,[부피 알고리즘] AI(딥러닝) 연구 및 개발,https://www.saramin.co.kr/zf_user/jobs/relay/view?view_type=search&rec_idx=48342156&location=ts&searchword=AI&searchType=search&paid_fl=n&search_uuid=b4208410-8bf1-4126-8588-145b581d73ab,입사지원
2024-06-10,(주)알지에이아이엔씨,AI Language Model Engineer,https://www.saramin.co.kr/zf_user/jobs/relay/view?view_type=search&rec_idx=47758069&location=ts&searchword=AI&searchType=search&paid_fl=n&search_uuid=b4208410-8bf1-4126-8588-145b581d73ab,입사지원
2024-06-10,프로페셔날핸즈인핸즈코리아(주),AI Game 부문 연구본부장 채용 공고,https://www.saramin.co.kr/zf_user/jobs/relay/view?view_type=search&rec_idx=48270726&location=ts&searchword=AI&searchType=search&paid_fl=n&search_uuid=b4208410-8bf1-4126-8588-145b581d73ab,입사지원
2024-06-10,프로페셔날핸즈인핸즈코리아(주),Metaverse+Vision AI 부문 연구본부장 채용 공고,https://www.saramin.co.kr/zf_user/jobs/relay/view?view_type=search&rec_idx=48270716&location=ts&searchword=AI&searchType=search&paid_fl=n&search_uuid=b4208410-8bf1-4126-8588-145b581d73ab,입사지원
2024-06-10,프로페셔날핸즈인핸즈코리아(주),(AI 반도체 솔루션 회사) 펌웨어 (Firmware Engineer) 경력,https://www.saramin.co.kr/zf_user/jobs/relay/view?view_type=search&rec_idx=48327647&location=ts&searchword=AI&searchType=search&paid_fl=n&search_uuid=b4208410-8bf1-4126-8588-145b581d73ab,입사지원
2024-06-10,프로페셔날핸즈인핸즈코리아(주),(AI 반도체) 머신러닝 (Machine Learning Engineer) 경력채용,https://www.saramin.co.kr/zf_user/jobs/relay/view?view_type=search&rec_idx=48327550&location=ts&searchword=AI&searchType=search&paid_fl=n&search_uuid=b4208410-8bf1-4126-8588-145b581d73ab,입사지원
2024-06-10,프로페셔날핸즈인핸즈코리아(주),(AI 반도체 회사) 컴파일러 (Compiler Engineer)경력채용,https://www.saramin.co.kr/zf_user/jobs/relay/view?view_type=search&rec_idx=48327477&location=ts&searchword=AI&searchType=search&paid_fl=n&search_uuid=b4208410-8bf1-4126-8588-145b581d73ab,입사지원
2024-06-10,(주)브레인커머스,AI연구원-생명공학 바이오기업,https://www.saramin.co.kr/zf_user/jobs/relay/view?view_type=search&rec_idx=48360631&location=ts&searchword=AI&searchType=search&paid_fl=n&search_uuid=b4208410-8bf1-4126-8588-145b581d73ab,입사지원
2024-06-10,주식회사닷코,[WEB / APP 플랫폼 AI ] 프로젝트 매니저 모집.,https://www.saramin.co.kr/zf_user/jobs/relay/view?view_type=search&rec_idx=48176417&location=ts&searchword=AI&searchType=search&paid_fl=n&search_uuid=b4208410-8bf1-4126-8588-145b581d73ab,입사지원
2024-06-10,비스킷타운 주식회사,비스킷타운 혁신사업부 AI 패션잡화 프로젝트 담당자 채용,https://www.saramin.co.kr/zf_user/jobs/relay/view?view_type=search&rec_idx=48014089&location=ts&searchword=AI&searchType=search&paid_fl=n&search_uuid=b4208410-8bf1-4126-8588-145b581d73ab,입사지원
2024-06-10,(주)마인드에이아이,AI Scientist (Natural Language Reasoning),https://www.saramin.co.kr/zf_user/jobs/relay/view?view_type=search&rec_idx=48170207&location=ts&searchword=AI&searchType=search&paid_fl=n&search_uuid=b4208410-8bf1-4126-8588-145b581d73ab,입사지원
2024-06-10,몬드리안에이아이(주),AI 컨설턴트 채용,https://www.saramin.co.kr/zf_user/jobs/relay/view?view_type=search&rec_idx=48209386&location=ts&searchword=AI&searchType=search&paid_fl=n&search_uuid=b4208410-8bf1-4126-8588-145b581d73ab,입사지원
2024-06-10,엠클라우드브리지(주),AI 서비스 기획자,https://www.saramin.co.kr/zf_user/jobs/relay/view?view_type=search&rec_idx=48238803&location=ts&searchword=AI&searchType=search&paid_fl=n&search_uuid=b4208410-8bf1-4126-8588-145b581d73ab,입사지원
2024-06-10,(주)스카우트플랜,AI 기술영업 (AI Scrap 솔루션 기술 구조 이해자),https://www.saramin.co.kr/zf_user/jobs/relay/view?view_type=search&rec_idx=48298120&location=ts&searchword=AI&searchType=search&paid_fl=n&search_uuid=b4208410-8bf1-4126-8588-145b581d73ab,입사지원
2024-06-10,커리어커넥트(주),[초음파 진단기 전문기업] 영상 AI S/W 개발,https://www.saramin.co.kr/zf_user/jobs/relay/view?view_type=search&rec_idx=48306952&location=ts&searchword=AI&searchType=search&paid_fl=n&search_uuid=b4208410-8bf1-4126-8588-145b581d73ab,입사지원
2024-06-10,(주)에이치알비즈코리아,AI 서비스 개발 담당/프론트엔드개발/세계적인 게임사/판교근무,https://www.saramin.co.kr/zf_user/jobs/relay/view?view_type=search&rec_idx=48318276&location=ts&searchword=AI&searchType=search&paid_fl=n&search_uuid=b4208410-8bf1-4126-8588-145b581d73ab,입사지원
2024-06-10,(주)에이치알비즈코리아,AI 개발팀장/세계적인 게임사/판교근무,https://www.saramin.co.kr/zf_user/jobs/relay/view?view_type=search&rec_idx=48318278&location=ts&searchword=AI&searchType=search&paid_fl=n&search_uuid=b4208410-8bf1-4126-8588-145b581d73ab,입사지원
2024-06-10,(주)에이치알비즈코리아,AI 서비스 개발 담당/백엔드개발/세계적인 게임사/판교근무,https://www.saramin.co.kr/zf_user/jobs/relay/view?view_type=search&rec_idx=48318281&location=ts&searchword=AI&searchType=search&paid_fl=n&search_uuid=b4208410-8bf1-4126-8588-145b581d73ab,입사지원
2024-06-10,(주)조인스에이치알코리아,AI/빅데이터/클라우드 관련 과제 발굴 및 관리 담당자 채용,https://www.saramin.co.kr/zf_user/jobs/relay/view?view_type=search&rec_idx=48345143&location=ts&searchword=AI&searchType=search&paid_fl=n&search_uuid=b4208410-8bf1-4126-8588-145b581d73ab,입사지원
2024-06-10,(주)프로,[바이럴 마케팅 GPT AI 프롬프트 엔지니어링] AI,https://www.saramin.co.kr/zf_user/jobs/relay/view?view_type=search&rec_idx=48336507&location=ts&searchword=AI&searchType=search&paid_fl=n&search_uuid=b4208410-8bf1-4126-8588-145b581d73ab,입사지원
2024-06-10,(주)인디비정보시스템,[AI(인공지능)] AI Enginer 경력자 채용,https://www.saramin.co.kr/zf_user/jobs/relay/view?view_type=search&rec_idx=48353509&location=ts&searchword=AI&searchType=search&paid_fl=n&search_uuid=b4208410-8bf1-4126-8588-145b581d73ab,입사지원
2024-06-10,(주)인코리아 프로페셔널(In Korea Professional),[대형증권사] AI엔지니어,https://www.saramin.co.kr/zf_user/jobs/relay/view?view_type=search&rec_idx=48355373&location=ts&searchword=AI&searchType=search&paid_fl=n&search_uuid=b4208410-8bf1-4126-8588-145b581d73ab,입사지원
2024-06-10,(주)마이더스에이치알,국내 대형제약사 AI추진팀 서비스 기획 담당,https://www.saramin.co.kr/zf_user/jobs/relay/view?view_type=search&rec_idx=48349893&location=ts&searchword=AI&searchType=search&paid_fl=n&search_uuid=b4208410-8bf1-4126-8588-145b581d73ab,입사지원
2024-06-10,(주)마이더스에이치알,국내 대형제약사 AI 파트 AI 신약개발 담당,https://www.saramin.co.kr/zf_user/jobs/relay/view?view_type=search&rec_idx=48350602&location=ts&searchword=AI&searchType=search&paid_fl=n&search_uuid=b4208410-8bf1-4126-8588-145b581d73ab,입사지원
2024-06-10,㈜벤처피플,디지털전략(DX.AI) 상무(기계업종 2조 대기업 창원시),https://www.saramin.co.kr/zf_user/jobs/relay/view?view_type=search&rec_idx=48358966&location=ts&searchword=AI&searchType=search&paid_fl=n&search_uuid=b4208410-8bf1-4126-8588-145b581d73ab,입사지원
2024-06-10,(주)인코리아 프로페셔널(In Korea Professional),[대형증권사] AI엔진개발,https://www.saramin.co.kr/zf_user/jobs/relay/view?view_type=search&rec_idx=48355390&location=ts&searchword=AI&searchType=search&paid_fl=n&search_uuid=b4208410-8bf1-4126-8588-145b581d73ab,입사지원
2024-06-10,(주)에스유스카우트,[AI/ML] 제품 교육 기획/운영,https://www.saramin.co.kr/zf_user/jobs/relay/view?view_type=search&rec_idx=48362128&location=ts&searchword=AI&searchType=search&paid_fl=n&search_uuid=b4208410-8bf1-4126-8588-145b581d73ab,입사지원
2024-06-10,(주)비전잡,[딥러닝/정규직] AI기술 개발 연구원 모집,https://www.saramin.co.kr/zf_user/jobs/relay/view?view_type=search&rec_idx=48184535&location=ts&searchword=AI&searchType=search&paid_fl=n&search_uuid=b4208410-8bf1-4126-8588-145b581d73ab,입사지원
2024-06-10,위드마인드 R&D센터,AI 개발자,https://www.saramin.co.kr/zf_user/jobs/relay/view?view_type=search&rec_idx=48113859&location=ts&searchword=AI&searchType=search&paid_fl=n&search_uuid=b4208410-8bf1-4126-8588-145b581d73ab,입사지원
2024-06-10,에이치알클릭,글로벌 대기업 생성형AI 기술영업 전문가 팀장급 초빙,https://www.saramin.co.kr/zf_user/jobs/relay/view?view_type=search&rec_idx=48316356&location=ts&searchword=AI&searchType=search&paid_fl=n&search_uuid=b4208410-8bf1-4126-8588-145b581d73ab,입사지원
2024-06-10,에이치알클릭,글로벌 대기업 AI 기반 플랫폼 설계/개발 담당자 긴급 채용,https://www.saramin.co.kr/zf_user/jobs/relay/view?view_type=search&rec_idx=48316358&location=ts&searchword=AI&searchType=search&paid_fl=n&search_uuid=b4208410-8bf1-4126-8588-145b581d73ab,입사지원
2024-06-10,(주)인큐브시스템,AI SW(머신비젼) 개발,https://www.saramin.co.kr/zf_user/jobs/relay/view?view_type=search&rec_idx=48333209&location=ts&searchword=AI&searchType=search&paid_fl=n&search_uuid=b4208410-8bf1-4126-8588-145b581d73ab,입사지원
2024-06-10,유비스코리아,로우코드솔루션회사 생성형 AI 컨설턴트 및 엔지니어(역삼),https://www.saramin.co.kr/zf_user/jobs/relay/view?view_type=search&rec_idx=48337958&location=ts&searchword=AI&searchType=search&paid_fl=n&search_uuid=b4208410-8bf1-4126-8588-145b581d73ab,입사지원
2024-06-10,뉴로핏 주식회사(강원지점),[의료AI기업] 영상 기반 AI 연구원 (강원 춘천),https://www.saramin.co.kr/zf_user/jobs/relay/view?view_type=search&rec_idx=48363328&location=ts&searchword=AI&searchType=search&paid_fl=n&search_uuid=b4208410-8bf1-4126-8588-145b581d73ab,홈페이지지원
2024-06-10,(주)업스테이지,[전문연구요원 신규편입&전직] OCR+LLM AI Research Engineer,https://www.saramin.co.kr/zf_user/jobs/relay/view?view_type=search&rec_idx=46907053&location=ts&searchword=AI&searchType=search&paid_fl=n&search_uuid=b4208410-8bf1-4126-8588-145b581d73ab,홈페이지지원
2024-06-10,(주)업스테이지,[Upstage] AI Solution Reliability Engineer,https://www.saramin.co.kr/zf_user/jobs/relay/view?view_type=search&rec_idx=45820606&location=ts&searchword=AI&searchType=search&paid_fl=n&search_uuid=b4208410-8bf1-4126-8588-145b581d73ab,홈페이지지원
2024-06-10,(주)코너스페이스,Ai엔진 개발자,https://www.saramin.co.kr/zf_user/jobs/relay/view?view_type=search&rec_idx=48053441&location=ts&searchword=AI&searchType=search&paid_fl=n&search_uuid=b4208410-8bf1-4126-8588-145b581d73ab,입사지원
2024-06-10,(주)업스테이지,AI 교육 기획 및 운영 Internship,https://www.saramin.co.kr/zf_user/jobs/relay/view?view_type=search&rec_idx=48112812&location=ts&searchword=AI&searchType=search&paid_fl=n&search_uuid=b4208410-8bf1-4126-8588-145b581d73ab,홈페이지지원
2024-06-10,(주)아비바,AI개발자 모십니다,https://www.saramin.co.kr/zf_user/jobs/relay/view?view_type=search&rec_idx=48251771&location=ts&searchword=AI&searchType=search&paid_fl=n&search_uuid=b4208410-8bf1-4126-8588-145b581d73ab,입사지원
2024-06-10,(주)코드잇,교육 PM [데이터﹒AI 교육],https://www.saramin.co.kr/zf_user/jobs/relay/view?view_type=search&rec_idx=48277930&location=ts&searchword=AI&searchType=search&paid_fl=n&search_uuid=b4208410-8bf1-4126-8588-145b581d73ab,홈페이지지원
2024-06-10,(주)데브,AI솔루션&스마트팩토리 (전략기획/운영) 신입사원 모집,https://www.saramin.co.kr/zf_user/jobs/relay/view?view_type=search&rec_idx=48342571&location=ts&searchword=AI&searchType=search&paid_fl=n&search_uuid=b4208410-8bf1-4126-8588-145b581d73ab,입사지원
2024-06-10,달기나라(주),AI 웹 개발자 모집 - 프론트엔드/백엔드/ChatGPT 챗봇 개발,https://www.saramin.co.kr/zf_user/jobs/relay/view?view_type=search&rec_idx=48106567&location=ts&searchword=AI&searchType=search&paid_fl=n&search_uuid=b4208410-8bf1-4126-8588-145b581d73ab,입사지원
2024-06-10,도토리생활건강(주),[역삼근무] 도토리생활건강 AI마케팅 솔루션 기획자 채용,https://www.saramin.co.kr/zf_user/jobs/relay/view?view_type=search&rec_idx=48348393&location=ts&searchword=AI&searchType=search&paid_fl=n&search_uuid=b4208410-8bf1-4126-8588-145b581d73ab,입사지원
2024-06-10,서원에이치알,[수원/영통/주5일/IT기업/인증사무] AI인공지능 성능평가 신입,https://www.saramin.co.kr/zf_user/jobs/relay/view?view_type=search&rec_idx=48236722&location=ts&searchword=AI&searchType=search&paid_fl=n&search_uuid=b4208410-8bf1-4126-8588-145b581d73ab,입사지원
2024-06-10,(주)에이아이세스,AI 개발자 공개 채용,https://www.saramin.co.kr/zf_user/jobs/relay/view?view_type=search&rec_idx=48197532&location=ts&searchword=AI&searchType=search&paid_fl=n&search_uuid=b4208410-8bf1-4126-8588-145b581d73ab,입사지원
2024-06-10,에이피써치,[자동차 부품 제조업] AI(ML) Virtual Engineer,https://www.saramin.co.kr/zf_user/jobs/relay/view?view_type=search&rec_idx=48334487&location=ts&searchword=AI&searchType=search&paid_fl=n&search_uuid=b4208410-8bf1-4126-8588-145b581d73ab,입사지원
2024-06-10,(주)휴이노에임,[AI/헬스케어] 머신러닝엔지니어(ML Engineer),https://www.saramin.co.kr/zf_user/jobs/relay/view?view_type=search&rec_idx=48339777&location=ts&searchword=AI&searchType=search&paid_fl=n&search_uuid=b4208410-8bf1-4126-8588-145b581d73ab,홈페이지지원
2024-06-10,(주)휴이노에임,[AI/헬스케어] 머신러닝엔지니어(ML Engineer),https://www.saramin.co.kr/zf_user/jobs/relay/view?view_type=search&rec_idx=48339782&location=ts&searchword=AI&searchType=search&paid_fl=n&search_uuid=b4208410-8bf1-4126-8588-145b581d73ab,홈페이지지원
2024-06-10,(주)글로벌시스템스,[정규직] AI 분야 연구개발 소프트웨어 (S/W) 경력 모집 공고,https://www.saramin.co.kr/zf_user/jobs/relay/view?view_type=search&rec_idx=48234933&location=ts&searchword=AI&searchType=search&paid_fl=n&search_uuid=b4208410-8bf1-4126-8588-145b581d73ab,홈페이지지원
2024-06-10,(주) 케이와이씨지(KYCG),AI 개발 - NLP,https://www.saramin.co.kr/zf_user/jobs/relay/view?view_type=search&rec_idx=48276194&location=ts&searchword=AI&searchType=search&paid_fl=n&search_uuid=b4208410-8bf1-4126-8588-145b581d73ab,입사지원
2024-06-10,(주) 케이와이씨지(KYCG),AI 개발 - 시니어,https://www.saramin.co.kr/zf_user/jobs/relay/view?view_type=search&rec_idx=48276124&location=ts&searchword=AI&searchType=search&paid_fl=n&search_uuid=b4208410-8bf1-4126-8588-145b581d73ab,입사지원
2024-06-10,휴머레인컨설팅,긴급) Software Engineering Manager - 글로벌 AI기업 - 최우대,https://www.saramin.co.kr/zf_user/jobs/relay/view?view_type=search&rec_idx=48360425&location=ts&searchword=AI&searchType=search&paid_fl=n&search_uuid=b4208410-8bf1-4126-8588-145b581d73ab,입사지원
2024-06-10,휴머레인컨설팅,긴급) 글로벌 AI기업 - Software Engineering Manager - 최우대,https://www.saramin.co.kr/zf_user/jobs/relay/view?view_type=search&rec_idx=48360427&location=ts&searchword=AI&searchType=search&paid_fl=n&search_uuid=b4208410-8bf1-4126-8588-145b581d73ab,입사지원
2024-06-10,주식회사 마스터웨이,[마스터웨이] 면접분야 LLM모델 AI 개발자 정규직 채용,https://www.saramin.co.kr/zf_user/jobs/relay/view?view_type=search&rec_idx=48244617&location=ts&searchword=AI&searchType=search&paid_fl=n&search_uuid=b4208410-8bf1-4126-8588-145b581d73ab,입사지원
2024-06-10,코리아써치,AI 관련 PM/PL 경력 개발자,https://www.saramin.co.kr/zf_user/jobs/relay/view?view_type=search&rec_idx=48282988&location=ts&searchword=AI&searchType=search&paid_fl=n&search_uuid=b4208410-8bf1-4126-8588-145b581d73ab,입사지원
2024-06-10,쓰리핸즈(3Handz),[ AI Engineer ] iGaming 글로벌 개발 스튜디오,https://www.saramin.co.kr/zf_user/jobs/relay/view?view_type=search&rec_idx=48291480&location=ts&searchword=AI&searchType=search&paid_fl=n&search_uuid=b4208410-8bf1-4126-8588-145b581d73ab,입사지원
2024-06-10,굿커리어,AI 금융 스타트업 [Backend Engineer(AI Product)],https://www.saramin.co.kr/zf_user/jobs/relay/view?view_type=search&rec_idx=48316115&location=ts&searchword=AI&searchType=search&paid_fl=n&search_uuid=b4208410-8bf1-4126-8588-145b581d73ab,입사지원
2024-06-10,코리아써치,AICC 솔루션(AI 관련 경력) PM/PL 경력 채용,https://www.saramin.co.kr/zf_user/jobs/relay/view?view_type=search&rec_idx=48341288&location=ts&searchword=AI&searchType=search&paid_fl=n&search_uuid=b4208410-8bf1-4126-8588-145b581d73ab,입사지원
2024-06-10,HR Tube,[전자 대기업] 기술연구소 AI기술 개발팀장(차~부장) 채용,https://www.saramin.co.kr/zf_user/jobs/relay/view?view_type=search&rec_idx=48346657&location=ts&searchword=AI&searchType=search&paid_fl=n&search_uuid=b4208410-8bf1-4126-8588-145b581d73ab,입사지원
2024-06-10,피엔씨서치,AI 개발(OCR Object Detection NER) - IT 솔루션업체,https://www.saramin.co.kr/zf_user/jobs/relay/view?view_type=search&rec_idx=48360117&location=ts&searchword=AI&searchType=search&paid_fl=n&search_uuid=b4208410-8bf1-4126-8588-145b581d73ab,입사지원
